Názov;Názov liečiva;;;
ABASAGLAR 100 jednotiek/ml KwikPen injekčný roztok v naplnenom pere;Inzulín-glargin;;;
Abevmy 25 mg/ml koncentrát na infúzny roztok;Bevacizumab;;;
Abevmy 25 mg/ml koncentrát na infúzny roztok;Bevacizumab;;;
"Abilify Maintena 400 mg prášok a disperzné prostredie na injekčnú suspenziu s predĺženým
 uvoľňovaním";Aripiprazol;;;
"Abilify Maintena 400 mg prášok a disperzné prostredie na injekčnú suspenziu s predĺženým
 uvoľňovaním v naplnenej injekčnej striekačke";Aripiprazol;;;
Abilify Maintena 960 mg injekčná suspenzia s predĺženým uvoľňovaním v naplnenej injekčnej striekačke;Aripiprazol;;;
Abiraterón Krka 500 mg filmom obalené tablety;Abiraterón;;;
Abirateron Pharmagen;Abiraterón;;;
Abiraterón Sandoz 1000 mg filmom obalené tablety;Abiraterón;;;
Abiraterón Sandoz 500 mg filmom obalené tablety;Abiraterón;;;
Abiraterón STADA 500 mg filmom obalené tablety;Abiraterón;;;
Abiraterone Accord 500 mg filmom obalené tablety;Abiraterón;;;
Abiraterone G.L. Pharma 500 mg filmom obalené tablety;Abiraterón;;;
Abiraterone Glenmark 500 mg;Abiraterón;;;
Abiraterone Heaton 500 mg filmom obalené tablety;Abiraterón;;;
Abiraterone medac 500 mg filmom obalené tablety;Abiraterón;;;
Abiraterone Olainfarm 250 mg tablety;Abiraterón;;;
Abiraterone Olainfarm 500 mg filmom obalené tablety;Abiraterón;;;
Abiraterone Pharmevid 250 mg tablety;Abiraterón;;;
Abiraterone Vipharm 500 mg;Abiraterón;;;
Abiraterone Zentiva;Abiraterón;;;
Abisax 20 mg;Bilastín;;;
Abisax 20 mg;Bilastín;;;
Abraxane 5 mg/ml prášok na infúznu suspenziu;Paklitaxel;;;
Acamprosat Mylan 333 mg;Akamprosát;;;
ACARIZAX 12 SQ-HDM;Roztoče domáceho prachu;;;
ACARIZAX 12 SQ-HDM;Roztoče domáceho prachu;;;
ACC injekt;Acetylcysteín;;;
Accofil 48 MU/0,5 ml injekčný alebo infúzny roztok v naplnenej injekčnej striekačke;Filgrastim;;;
Aceclofenac Accord 100 mg filmom obalené tablety;Aceklofenak;;;
Aceclofenac Accord 100 mg filmom obalené tablety;Aceklofenak;;;
Acidum folicum Léčiva;Kyselina listová;;;
Acidum folicum Léčiva;Kyselina listová;;;
Aclasta 5 mg infúzny roztok;Kyselina zoledrónová;;;
Aclexa 100 mg tvrdé kapsuly;Celekoxib;;;
Aclexa 200 mg tvrdé kapsuly;Celekoxib;;;
Aclexa 200 mg tvrdé kapsuly;Celekoxib;;;
Acnatac 10 mg/g+0,25 mg/g gél;Klindamycín, kombinácie;;;
ACTAIR 100 IR sublingválne tablety;Roztoče domáceho prachu;;;
ACTAIR 100 IR sublingválne tablety, ACTAIR 300 IR sublingválne tablety;Roztoče domáceho prachu;;;
ACTAIR 300 IR sublingválne tablety;Roztoče domáceho prachu;;;
ACTAIR 300 IR sublingválne tablety;Roztoče domáceho prachu;;;
Actelsar HCT 80 mg/12,5 mg tablety;Telmisartan a diuretiká;;;
Actelsar HCT 80 mg/12,5 mg tablety;Telmisartan a diuretiká;;;
Actelsar HCT 80 mg/25 mg tablety;Telmisartan a diuretiká;;;
Activelle;Noretisterón a estrogén;;;
Actrapid Penfill 100 medzinárodných jednotiek/ml injekčný roztok v náplni;Ľudský inzulín;;;
ADADUT 0,5 mg mäkké kapsuly;Dutasterid;;;
ADADUT 0,5 mg mäkké kapsuly;Dutasterid;;;
Adamon SR 100 mg tvrdé kapsuly s predĺženým uvoľňovaním;Tramadol;;;
Adamon SR 50 mg tvrdé kapsuly s predĺženým uvoľňovaním;Tramadol;;;
ADARTREL 0,25 mg;Ropinirol;;;
ADARTREL 0,50 mg;Ropinirol;;;
ADATAM 0,5 mg/0,4 mg;Tamsulozín a dutasterid;;;
ADCETRIS 50 mg prášok na koncentrát na infúzny roztok;Brentuximab-vedotín;;;
Adempas 1 mg filmom obalené tablety;Riociguát;;;
Adempas 1,5 mg filmom obalené tablety;Riociguát;;;
Adempas 2 mg filmom obalené tablety;Riociguát;;;
Adempas 2,5 mg filmom obalené tablety;Riociguát;;;
Adempas 2,5 mg filmom obalené tablety;Riociguát;;;
Adenuric 80 mg filmom obalené tablety;Febuxostát;;;
Adepend 50 mg filmom obalené tablety;Naltrexón;;;
Adimuplan 100 mg;Sitagliptín;;;
Adolax 10 mg/5 mg;Oxykodón a naloxón;;;
Adolax 20 mg/10 mg;Oxykodón a naloxón;;;
Adolax 40 mg/20 mg;Oxykodón a naloxón;;;
Adrenalin Bradex 1 mg/ml injekčný roztok;Epinefrín (Adrenalín);;;
Adrenalin Léčiva;Epinefrín (Adrenalín);;;
Advagraf 0,5 mg tvrdé kapsuly s predĺženým uvoľňovaním;Takrolimus;;;
Advagraf 1 mg tvrdé kapsuly s predĺženým uvoľňovaním;Takrolimus;;;
Advagraf 3 mg tvrdé kapsuly s predĺženým uvoľňovaním;Takrolimus;;;
Advagraf 5 mg tvrdé kapsuly s predĺženým uvoľňovaním;Takrolimus;;;
Advantan krém;Metylprednizolónaceponát;;;
ADVATE 1000 IU prášok a rozpúšťadlo na injekčný roztok;Koagulačný faktor VIII;;;
ADVATE 1500 IU prášok a rozpúšťadlo na injekčný roztok;Koagulačný faktor VIII;;;
ADVATE 2000 IU prášok a rozpúšťadlo na injekčný roztok;Koagulačný faktor VIII;;;
ADVATE 250 IU prášok a rozpúšťadlo na injekčný roztok;Koagulačný faktor VIII;;;
ADVATE 3000 IU prášok a rozpúšťadlo na injekčný roztok;Koagulačný faktor VIII;;;
ADVATE 500 IU prášok a rozpúšťadlo na injekčný roztok;Koagulačný faktor VIII;;;
ADYNOVI 1 000 IU/2 ml prášok a rozpúšťadlo na injekčný roztok;Koagulačný faktor VIII;;;
ADYNOVI 2 000 IU/5 ml prášok a rozpúšťadlo na injekčný roztok;Koagulačný faktor VIII;;;
ADYNOVI 3 000 IU/5 ml prášok a rozpúšťadlo na injekčný roztok;Koagulačný faktor VIII;;;
ADYNOVI 500 IU/2 ml prášok a rozpúšťadlo na injekčný roztok;Koagulačný faktor VIII;;;
Aerius 0,5 mg/ml perorálny roztok;Dezloratadín;;;
Aerius 0,5 mg/ml perorálny roztok;Dezloratadín;;;
Aflamil 100 mg filmom obalené tablety;Aceklofenak;;;
Aflamil 100 mg filmom obalené tablety;Aceklofenak;;;
Afloderm;Alklometazón;;;
Afloderm;Alklometazón;;;
AFLUDITEN 25 mg/ml;Flufenazín;;;
Afqlir 40 mg/ml, injekčný roztok naplnený v injekčnej striekačke;Aflibercept;;;
AFSTYLA 1000 IU prášok a rozpúšťadlo na injekčný roztok;Koagulačný faktor VIII;;;
AFSTYLA 2000 IU prášok a rozpúšťadlo na injekčný roztok;Koagulačný faktor VIII;;;
AFSTYLA 250 IU prášok a rozpúšťadlo na injekčný roztok;Koagulačný faktor VIII;;;
AFSTYLA 3000 IU prášok a rozpúšťadlo na injekčný roztok;Koagulačný faktor VIII;;;
AFSTYLA 500 IU prášok a rozpúšťadlo na injekčný roztok;Koagulačný faktor VIII;;;
Agen 10;Amlodipín;;;
Agen 10;Amlodipín;;;
Agen 5;Amlodipín;;;
Agen 5;Amlodipín;;;
Aglandin 0,5 mg/0,4 mg tvrdé kapsuly;Tamsulozín a dutasterid;;;
Agomelatín Stada;Agomelatín;;;
Agomelatín Stada;Agomelatín;;;
Agomelatine Glenmark 25 mg;Agomelatín;;;
Aimovig 140 mg injekčný roztok v naplnenom pere;Erenumab;;;
AIRCLESIO 160 mikrogramov/dávka;Ciklezonid;;;
Airflusal Forspiro 50 mikrogramov/250 mikrogramov;Salmeterol a flutikazón;;;
Airflusal Forspiro 50 mikrogramov/500 mikrogramov;Salmeterol a flutikazón;;;
AJOVY 225 mg injekčný roztok v naplnenej injekčnej striekačke;Fremanezumab;;;
AJOVY 225 mg injekčný roztok v naplnenom pere;Fremanezumab;;;
Akineton;Biperidén;;;
Akineton;Biperidén;;;
Akistan  50 mikrogramov/ml očná roztoková instilácia;Latanoprost;;;
Akistan  50 mikrogramov/ml očná roztoková instilácia;Latanoprost;;;
Aknemycin 2000;Erytromycín;;;
Aknemycin Plus;Erytromycín, kombinácie;;;
Aknenormin 10;Izotretinoín;;;
Aknenormin 20;Izotretinoín;;;
Aknenormin 20;Izotretinoín;;;
AKTIPROL 200 mg tablety;Amisulprid;;;
AKTIPROL 400 mg tablety;Amisulprid;;;
Akynzeo 300 mg/0,5 mg tvrdé kapsuly;Palonosetrón, kombinácie;;;
Aladez;Kyselina tioktová;;;
Aladez;Kyselina tioktová;;;
Albutein 50 g/l infúzny roztok;Albumín;;;
ALDARA 5 % krém;Imichimod;;;
Aldepla 25 mg;Eplerenón;;;
Aldepla 25 mg;Eplerenón;;;
Aldurazyme, 100 U/ml infúzny koncentrát;Laronidáza;;;
Alecensa 150 mg tvrdé kapsuly;Alektinib;;;
Alergimed;Levocetirizín;;;
Alergimed;Levocetirizín;;;
Alergimed;Levocetirizín;;;
Aletro 2,5 mg filmom obalené tablety;Letrozol;;;
Alfacalcidol STADA 1 µg mäkké kapsuly;Alfakalcidol;;;
Alfacalcidol STADA 1 µg mäkké kapsuly;Alfakalcidol;;;
ALFAMED 1,0 mikrogram;Alfakalcidol;;;
ALFAMED 1,0 mikrogram;Alfakalcidol;;;
Alfuzosin Sandoz 10 mg tablety s predĺženým uvoľňovaním;Alfuzozín;;;
Alfuzosin Sandoz 10 mg tablety s predĺženým uvoľňovaním;Alfuzozín;;;
Alfuzosin Viatris 10 mg;Alfuzozín;;;
Algogesic 100 µg/ h transdermálna náplasť;Fentanyl;;;
Alkapidan 0,5 mg/0,4 mg tvrdé kapsuly;Tamsulozín a dutasterid;;;
Allergodil;Azelastín;;;
Allergodil 0,05 % očné roztokové kvapky;Azelastín;;;
ALMIRAL;Diklofenak;;;
Alopurinol Sandoz 300 mg;Alopurinol;;;
Alopurinol Sandoz 300 mg;Alopurinol;;;
Aloxi 500 mikrogramov mäkké kapsuly;Palonosetrón;;;
ALPHA D3 1 µg;Alfakalcidol;;;
ALPHA D3 1 µg;Alfakalcidol;;;
Alpicort 2 mg/ml + 4 mg/ml dermálny roztok;Prednizolón;;;
Alpicort F 0,05 mg/ml + 2 mg/ml + 4 mg/ml dermálny roztok;Prednizolón;;;
ALPROLIX 1000 IU prášok a rozpúšťadlo na injekčný roztok;Koagulačný faktor IX;;;
ALPROLIX 2000 IU prášok a rozpúšťadlo na injekčný roztok;Koagulačný faktor IX;;;
ALPROLIX 250 IU prášok a rozpúšťadlo na injekčný roztok;Koagulačný faktor IX;;;
ALPROLIX 3000 IU prášok a rozpúšťadlo na injekčný roztok;Koagulačný faktor IX;;;
ALPROLIX 500 IU prášok a rozpúšťadlo na injekčný roztok;Koagulačný faktor IX;;;
Alprostan;Alprostadil;;;
Alprostapint 20 µg/ml;Alprostadil;;;
ALTUVOCT 1 000 IU prášok a rozpúšťadlo na injekčný roztok;Koagulačný faktor VIII;;;
ALTUVOCT 2 000 IU prášok a rozpúšťadlo na injekčný roztok;Koagulačný faktor VIII;;;
ALTUVOCT 250 IU prášok a rozpúšťadlo na injekčný roztok;Koagulačný faktor VIII;;;
ALTUVOCT 3 000 IU prášok a rozpúšťadlo na injekčný roztok;Koagulačný faktor VIII;;;
ALTUVOCT 4 000 IU prášok a rozpúšťadlo na injekčný roztok;Koagulačný faktor VIII;;;
ALTUVOCT 500 IU prášok a rozpúšťadlo na injekčný roztok;Koagulačný faktor VIII;;;
Alunbrig 180 mg filmom obalené tablety;Brigatinib;;;
Alunbrig 30 mg filmom obalené tablety;Brigatinib;;;
Alunbrig 90 mg + 180 mg filmom obalené tablety;Brigatinib;;;
Alunbrig 90 mg filmom obalené tablety;Brigatinib;;;
Alutard SQ;Extrakty alergénov;;;
Alutard SQ;Extrakty alergénov;;;
Alutard SQ jedy hmyzu;Hmyz;;;
Alutard SQ jedy hmyzu;Hmyz;;;
Alventa 150 mg;Venlafaxín;;;
Alventa 150 mg;Venlafaxín;;;
Alventa 37,5 mg;Venlafaxín;;;
Alventa 75 mg;Venlafaxín;;;
Alventa 75 mg;Venlafaxín;;;
Alvesco 160 Inhalátor;Ciklezonid;;;
Alymsys 25 mg/ml koncentrát na infúzny roztok;Bevacizumab;;;
Alymsys 25 mg/ml koncentrát na infúzny roztok;Bevacizumab;;;
ALYOSTAL PRICK;Rôzne extrakty alergénov;;;
Amarhyton 100 mg tvrdé kapsuly s predĺženým uvoľňovaním;Flekainid;;;
Amarhyton 50 mg tvrdé kapsuly s predĺženým uvoľňovaním;Flekainid;;;
Ambrisentan AOP 5 mg filmom obalené tablety;Ambrisentán;;;
AMGEVITA 40 mg injekčný roztok v naplnenom pere;Adalimumab;;;
Amicloton;Chlórtalidón a diuretiká šetriace draslík;;;
Amiokordin 200 mg;Amiodarón;;;
AMIRAP 10 mg/10 mg tvrdé kapsuly;Ramipril a amlodipín;;;
AMIRAP 10 mg/5 mg tvrdé kapsuly;Ramipril a amlodipín;;;
AMIRAP 5 mg/10 mg tvrdé kapsuly;Ramipril a amlodipín;;;
AMIRAP 5 mg/5 mg tvrdé kapsuly;Ramipril a amlodipín;;;
Amisulprid Viatris 200 mg tablety;Amisulprid;;;
Amitriptylin-Slovakofarma;Amitriptylín;;;
Amlator 10 mg/10 mg filmom obalené tablety;Atorvastatín a amlodipín;;;
Amlator 10 mg/5 mg filmom obalené tablety;Atorvastatín a amlodipín;;;
Amlator 10 mg/5 mg filmom obalené tablety;Atorvastatín a amlodipín;;;
Amlator 20 mg/10 mg filmom obalené tablety;Atorvastatín a amlodipín;;;
Amlator 20 mg/10 mg filmom obalené tablety;Atorvastatín a amlodipín;;;
Amlator 20 mg/5 mg filmom obalené tablety;Atorvastatín a amlodipín;;;
Amlator 20 mg/5 mg filmom obalené tablety;Atorvastatín a amlodipín;;;
Amlessa 4 mg/10 mg tablety;Perindopril a amlodipín;;;
Amlessa 4 mg/10 mg tablety;Perindopril a amlodipín;;;
Amlessa 4 mg/5 mg tablety;Perindopril a amlodipín;;;
Amlessa 4 mg/5 mg tablety;Perindopril a amlodipín;;;
Amlessa 8 mg/10 mg tablety;Perindopril a amlodipín;;;
Amlessa 8 mg/10 mg tablety;Perindopril a amlodipín;;;
Amlessa 8 mg/5 mg tablety;Perindopril a amlodipín;;;
Amlessa 8 mg/5 mg tablety;Perindopril a amlodipín;;;
Amlessa Neo 10 mg/10 mg tablety;Perindopril a amlodipín;;;
Amlessa Neo 10 mg/10 mg tablety;Perindopril a amlodipín;;;
Amlessa Neo 10 mg/5 mg tablety;Perindopril a amlodipín;;;
Amlessa Neo 10 mg/5 mg tablety;Perindopril a amlodipín;;;
Amlessa Neo 5 mg/10 mg tablety;Perindopril a amlodipín;;;
Amlessa Neo 5 mg/10 mg tablety;Perindopril a amlodipín;;;
Amlessa Neo 5 mg/5 mg tablety;Perindopril a amlodipín;;;
Amlessa Neo 5 mg/5 mg tablety;Perindopril a amlodipín;;;
Amlodipin ratiopharm 10 mg;Amlodipín;;;
Amlodipin ratiopharm 5 mg;Amlodipín;;;
Amlodipin Vitabalans 5 mg tablety;Amlodipín;;;
Amlodipín/Valsartan Sandoz 10 mg/160 mg;Valsartan a amlodipín;;;
Amlodipín/Valsartan Sandoz 5 mg/160 mg;Valsartan a amlodipín;;;
Amlodipín/Valsartan Sandoz 5 mg/80 mg;Valsartan a amlodipín;;;
Amlodipine Medreg 5 mg;Amlodipín;;;
AMLOPIN S 10 mg tablety;Amlodipín;;;
AMLOPIN S 5 mg tablety;Amlodipín;;;
Amoksiklav 1000 mg granulát na perorálnu suspenziu;Amoxicilín a inhibítor betalaktamázy;;;
Amoksiklav 156,25 mg/5 ml;Amoxicilín a inhibítor betalaktamázy;;;
Amoksiklav 2x1000 mg;Amoxicilín a inhibítor betalaktamázy;;;
Amoksiklav 2x457 mg/5 ml;Amoxicilín a inhibítor betalaktamázy;;;
Amoksiklav 2x457 mg/5 ml;Amoxicilín a inhibítor betalaktamázy;;;
Amoksiklav 625 mg;Amoxicilín a inhibítor betalaktamázy;;;
Amvuttra 25 mg injekčný roztok v naplnenej injekčnej striekačke;Vutrisíran;;;
Anafranil 25;Klomipramín;;;
ANAFRANIL SR 75;Klomipramín;;;
Anagrelide Glenmark 0,5 mg;Anagrelid;;;
Anagrelide Vipharm 0,5 mg;Anagrelid;;;
Anaprex 1 mg;Anastrozol;;;
ANARGIL 100 mg;Danazol;;;
ANARGIL 200 mg;Danazol;;;
Anastrozol Ebewe 1 mg;Anastrozol;;;
Anastrozol-ratiopharm 1 mg;Anastrozol;;;
Anastrozol-ratiopharm 1 mg;Anastrozol;;;
Anastrozole Pharmacenter;Anastrozol;;;
Anau 100 mg filmom obalené tablety;Sitagliptín;;;
Anau 100 mg filmom obalené tablety;Sitagliptín;;;
Androcur;Cyproterón;;;
Androcur Depot;Cyproterón;;;
Androfin 5 mg;Finasterid;;;
ANGITRIM;Trimetazidín;;;
ANOPYRIN 100 mg;Kyselina acetylsalicylová;;;
ANOPYRIN 100 mg;Kyselina acetylsalicylová;;;
ANOPYRIN 100 mg;Kyselina acetylsalicylová;;;
ANORO ELLIPTA 55 mikrogramov/22 mikrogramov dávkovaný inhalačný prášok;Vilanterol a umeklidíniumbromid;;;
Ansifora 100 mg filmom obalené tablety;Sitagliptín;;;
Ansifora 100 mg filmom obalené tablety;Sitagliptín;;;
ANTALERG 0,05 %;Azelastín;;;
Anvildis 50 mg;Vildagliptín;;;
Anvildis Duo 50 mg/1 000 mg filmom obalené tablety;Metformín a vildagliptín;;;
Anvildis Duo 50 mg/850 mg filmom obalené tablety;Metformín a vildagliptín;;;
Apaurin;Diazepam;;;
APEL 600 mg filmom obalené tablety;Linezolid;;;
Apeneta 100 mg tablety s predĺženým uvoľňovaním;Tapentadol;;;
Apeneta 150 mg tablety s predĺženým uvoľňovaním;Tapentadol;;;
Apeneta 200 mg tablety s predĺženým uvoľňovaním;Tapentadol;;;
Apeneta 250 mg tablety s predĺženým uvoľňovaním;Tapentadol;;;
Apeneta 50 mg tablety s predĺženým uvoľňovaním;Tapentadol;;;
Apexelsin 5 mg/ml prášok na infúznu disperziu;Paklitaxel;;;
Apidra SoloStar 100 jednotiek/ml injekčný roztok v naplnenom pere;Inzulín-glulyzín;;;
Apixaban Gedeon Richter 2,5 mg filmom obalené tablety;Apixabán;;;
Apixaban Gedeon Richter 2,5 mg filmom obalené tablety;Apixabán;;;
Apixaban Gedeon Richter 5 mg filmom obalené tablety;Apixabán;;;
Apixaban Gedeon Richter 5 mg filmom obalené tablety;Apixabán;;;
Apixaban Sandoz 2,5 mg;Apixabán;;;
Apixaban Sandoz 5 mg;Apixabán;;;
Apixaban STADA 2,5 mg;Apixabán;;;
Apixaban STADA 2,5 mg;Apixabán;;;
Apixaban STADA 5 mg;Apixabán;;;
Apixaban STADA 5 mg;Apixabán;;;
Apixaban Teva Slovakia 2,5 mg;Apixabán;;;
Apixaban Teva Slovakia 2,5 mg;Apixabán;;;
Apixaban Teva Slovakia 5 mg;Apixabán;;;
Apixaban Teva Slovakia 5 mg;Apixabán;;;
Apixaban Viatris 2,5 mg;Apixabán;;;
Apixaban Viatris 2,5 mg;Apixabán;;;
Apixaban Viatris 5 mg;Apixabán;;;
Apixaban Viatris 5 mg;Apixabán;;;
Apremilast Accord 10 mg filmom obalené tablety, Apremilast Accord 20 mg filmom obalené tablety, Apremilast Accord 30 mg filmom obalené tablety;Apremilast;;;
Apremilast Accord 30 mg filmom obalené tablety;Apremilast;;;
Apremilast Krka 10 mg filmom obalené tablety Apremilast Krka 20 mg filmom obalené tablety Apremilast Krka 30 mg filmom obalené tablety;Apremilast;;;
Apremilast Krka 30 mg filmom obalené tablety;Apremilast;;;
Apremilast STADA 10 mg filmom obalené tablety Apremilast STADA 20 mg filmom obalené tablety Apremilast STADA 30 mg filmom obalené tablety;Apremilast;;;
Apremilast STADA 30 mg filmom obalené tablety;Apremilast;;;
Apremilast STADA 30 mg filmom obalené tablety;Apremilast;;;
Apremilast Teva 10 mg, Apremilast Teva 20 mg, Apremilast Teva 30 mg;Apremilast;;;
Apremilast Teva 30 mg;Apremilast;;;
Aprepitant Stada 80 mg a Aprepitant Stada 125 mg;Aprepitant;;;
Aranesp;Darbepoetín alfa;;;
Aranesp;Darbepoetín alfa;;;
Aranesp;Darbepoetín alfa;;;
Aranesp;Darbepoetín alfa;;;
Aranesp;Darbepoetín alfa;;;
Aranesp;Darbepoetín alfa;;;
Aranesp;Darbepoetín alfa;;;
Aranesp;Darbepoetín alfa;;;
Aregalu 14 mg filmom obalené tablety;Teriflunomid;;;
Aripiprazol Sandoz 10 mg orodispergovateľné tablety;Aripiprazol;;;
Aripiprazol Sandoz 15 mg orodispergovateľné tablety;Aripiprazol;;;
Aripiprazol STADA 10 mg orodispergovateľné tablety;Aripiprazol;;;
Aripiprazol STADA 15 mg orodispergovateľné tablety;Aripiprazol;;;
Aripiprazol STADA 15 mg tablety;Aripiprazol;;;
Aripiprazol Teva 10 mg orodispergovateľné tablety;Aripiprazol;;;
Aripiprazol Teva 15 mg orodispergovateľné tablety;Aripiprazol;;;
Aripiprazol Viatris 10 mg orodispergovateľné tablety;Aripiprazol;;;
Aripiprazol Viatris 15 mg orodispergovateľné tablety;Aripiprazol;;;
Aripiprazole Sandoz 10 mg tablety;Aripiprazol;;;
Aripiprazole Sandoz 15 mg tablety;Aripiprazol;;;
Aripiprazole Zentiva 10 mg tablety;Aripiprazol;;;
Aripiprazole Zentiva 15 mg tablety;Aripiprazol;;;
Arisppa 10 mg tablety;Aripiprazol;;;
Arisppa 10 mg tablety;Aripiprazol;;;
Arisppa 15 mg tablety;Aripiprazol;;;
Arisppa 15 mg tablety;Aripiprazol;;;
Arixtra 2,5 mg/0,5 ml injekčný roztok, naplnená injekčná striekačka;Fondaparinux;;;
ARKETIS 20 mg;Paroxetín;;;
ARKETIS 20 mg;Paroxetín;;;
ARKETIS 30 mg;Paroxetín;;;
Arkvimma 100 mg filmom obalené tablety;Lakosamid;;;
Arkvimma 150 mg filmom obalené tablety;Lakosamid;;;
Arkvimma 200 mg filmom obalené tablety;Lakosamid;;;
Arkvimma 50 mg filmom obalené tablety;Lakosamid;;;
AROMASIN;Exemestán;;;
AROPILOS 2 mg tablety s predĺženým uvoľňovaním;Ropinirol;;;
AROPILOS 4 mg tablety s predĺženým uvoľňovaním;Ropinirol;;;
AROPILOS 8 mg tablety s predĺženým uvoľňovaním;Ropinirol;;;
ARTHROTEC FORTE;Diklofenak, kombinácie;;;
Arusol 10 mg;Solifenacín;;;
Arusol 5 mg;Solifenacín;;;
Asduter 10 mg tablety;Aripiprazol;;;
Asduter 10 mg tablety;Aripiprazol;;;
Asduter 15 mg tablety;Aripiprazol;;;
Asduter 15 mg tablety;Aripiprazol;;;
ASKETON 50 mg filmom obalené tablety;Itoprid;;;
ASKETON 50 mg filmom obalené tablety;Itoprid;;;
ASMANEX 400 µg;Mometazón;;;
Asolfena 10 mg;Solifenacín;;;
Asolfena 10 mg;Solifenacín;;;
Asolfena 5 mg;Solifenacín;;;
Asolfena 5 mg;Solifenacín;;;
ASPAVELI 1 080 mg infúzny roztok;Pegcetakoplan;;;
ASPENDOS 100 mg;Modafinil;;;
ASPIRIN PROTECT 100;Kyselina acetylsalicylová;;;
ASPIRIN PROTECT 100;Kyselina acetylsalicylová;;;
Assubex 10 mg;Rivaroxabán;;;
Assubex 15 mg;Rivaroxabán;;;
Assubex 15 mg;Rivaroxabán;;;
Assubex 15 mg;Rivaroxabán;;;
Assubex 2,5 mg;Rivaroxabán;;;
Assubex 20 mg;Rivaroxabán;;;
Assubex 20 mg;Rivaroxabán;;;
Astexana 25 mg;Exemestán;;;
Asthmex 50 mikrogramov/100 mikrogramov dávkovaný inhalačný prášok;Salmeterol a flutikazón;;;
Asthmex 50 mikrogramov/250 mikrogramov dávkovaný inhalačný prášok;Salmeterol a flutikazón;;;
Asthmex 50 mikrogramov/500 mikrogramov dávkovaný inhalačný prášok;Salmeterol a flutikazón;;;
ASTMASAN 10 mg filmom obalené tablety;Montelukast;;;
Atacand 16 mg;Kandesartan;;;
Atacand 32 mg;Kandesartan;;;
Atacand 8 mg;Kandesartan;;;
Atacand Plus 16/12,5 mg;Kandesartan a diuretiká;;;
Atacand Plus 32 mg/25 mg;Kandesartan a diuretiká;;;
ATARAX;Hydroxyzín;;;
Atectura Breezhaler 125 mikrogramov/260 mikrogramov inhalačný prášok v tvrdých kapsulách;Indakaterol a mometazón;;;
Atenobene 100 mg;Atenolol;;;
Atenobene 50 mg;Atenolol;;;
Atimos 12 µg inhalačný roztok v tlakovom obale;Formoterol;;;
Atixarso 90 mg filmom obalené tablety;Tikagrelor;;;
Atofab 10 mg tvrdé kapsuly;Atomoxetín;;;
Atofab 18 mg tvrdé kapsuly;Atomoxetín;;;
Atofab 25 mg tvrdé kapsuly;Atomoxetín;;;
Atofab 40 mg tvrdé kapsuly;Atomoxetín;;;
Atofab 60 mg tvrdé kapsuly;Atomoxetín;;;
Atominex 10 mg;Atomoxetín;;;
Atominex 18 mg;Atomoxetín;;;
Atominex 25 mg;Atomoxetín;;;
Atominex 40 mg;Atomoxetín;;;
Atominex 60 mg;Atomoxetín;;;
Atomoxetine Actavis 10 mg;Atomoxetín;;;
Atomoxetine Actavis 18 mg;Atomoxetín;;;
Atomoxetine Actavis 25 mg;Atomoxetín;;;
Atomoxetine Actavis 40 mg;Atomoxetín;;;
Atomoxetine Actavis 60 mg;Atomoxetín;;;
Atoridor 80 mg;Atorvastatín;;;
Atoridor 80 mg;Atorvastatín;;;
Atoris 10;Atorvastatín;;;
Atoris 10;Atorvastatín;;;
Atoris 20;Atorvastatín;;;
Atoris 20;Atorvastatín;;;
Atoris 30;Atorvastatín;;;
Atoris 30;Atorvastatín;;;
Atoris 40;Atorvastatín;;;
Atoris 40;Atorvastatín;;;
Atoris 60;Atorvastatín;;;
Atoritimb 10 mg/10 mg filmom obalené tablety;Atorvastatín a ezetimib;;;
Atoritimb 10 mg/10 mg filmom obalené tablety;Atorvastatín a ezetimib;;;
Atoritimb 10 mg/20 mg filmom obalené tablety;Atorvastatín a ezetimib;;;
Atoritimb 10 mg/20 mg filmom obalené tablety;Atorvastatín a ezetimib;;;
Atoritimb 10 mg/40 mg filmom obalené tablety;Atorvastatín a ezetimib;;;
Atoritimb 10 mg/40 mg filmom obalené tablety;Atorvastatín a ezetimib;;;
Atoritimb 10 mg/80 mg filmom obalené tablety;Atorvastatín a ezetimib;;;
Atoritimb 10 mg/80 mg filmom obalené tablety;Atorvastatín a ezetimib;;;
Atorvastatin Medreg 10 mg;Atorvastatín;;;
Atorvastatin Medreg 20 mg;Atorvastatín;;;
Atorvastatin Medreg 40 mg;Atorvastatín;;;
Atorvastatin Medreg 40 mg;Atorvastatín;;;
Atorvastatin Medreg 80 mg;Atorvastatín;;;
Atorvastatin Medreg 80 mg;Atorvastatín;;;
Atorvastatin STADA 10 mg filmom obalené tablety;Atorvastatín;;;
Atorvastatin STADA 20 mg filmom obalené tablety;Atorvastatín;;;
Atorvastatin STADA 40 mg filmom obalené tablety;Atorvastatín;;;
Atorvastatin STADA 80 mg filmom obalené tablety;Atorvastatín;;;
Atorvastatin Teva 10 mg;Atorvastatín;;;
Atorvastatin Teva 10 mg;Atorvastatín;;;
Atorvastatin Teva 20 mg;Atorvastatín;;;
Atorvastatin Teva 20 mg;Atorvastatín;;;
Atorvastatin Teva 30 mg;Atorvastatín;;;
Atorvastatin Teva 30 mg;Atorvastatín;;;
Atorvastatin Teva 40 mg;Atorvastatín;;;
Atorvastatin Teva 40 mg;Atorvastatín;;;
Atorvastatin Teva 60 mg;Atorvastatín;;;
Atorvastatin Teva 80 mg;Atorvastatín;;;
Atorvastatin Teva 80 mg;Atorvastatín;;;
Atorvastatin Teva Pharma 10 mg;Atorvastatín;;;
Atorvastatin Teva Pharma 10 mg;Atorvastatín;;;
Atorvastatin Teva Pharma 20 mg;Atorvastatín;;;
Atorvastatin Teva Pharma 20 mg;Atorvastatín;;;
Atorvastatin Teva Pharma 40 mg;Atorvastatín;;;
Atorvastatin Teva Pharma 40 mg;Atorvastatín;;;
Atorvastatin Teva Pharma 80 mg;Atorvastatín;;;
Atorvastatin Viatris 20 mg;Atorvastatín;;;
Atorvastatin Viatris 40 mg;Atorvastatín;;;
Atorvastatín/Ezetimib Teva 20 mg/10 mg;Atorvastatín a ezetimib;;;
Atorvastatín/Ezetimib Teva 20 mg/10 mg;Atorvastatín a ezetimib;;;
Atorvastatín/Ezetimib Teva 40 mg/10 mg;Atorvastatín a ezetimib;;;
Atorvastatín/Ezetimib Teva 40 mg/10 mg;Atorvastatín a ezetimib;;;
Atorvastatín/Ezetimib Teva 80 mg/10 mg;Atorvastatín a ezetimib;;;
Atorvastatín/Ezetimib Teva 80 mg/10 mg;Atorvastatín a ezetimib;;;
Atrimil 10 mg filmom obalené tablety Atrimil 20 mg filmom obalené tablety Atrimil 30 mg filmom obalené tablety;Apremilast;;;
Atrimil 30 mg filmom obalené tablety;Apremilast;;;
Atucare 0,5 mg/0,4 mg tvrdé kapsuly;Tamsulozín a dutasterid;;;
AUBAGIO 14 mg filmom obalené tablety;Teriflunomid;;;
Augmentin 1 g;Amoxicilín a inhibítor betalaktamázy;;;
Augmentin 625 mg;Amoxicilín a inhibítor betalaktamázy;;;
Augmentin DUO s príchuťou miešaného ovocia;Amoxicilín a inhibítor betalaktamázy;;;
AULIN 100 mg granulát;Nimesulid;;;
AULIN 100 mg granulát;Nimesulid;;;
AULIN 100 mg tablety;Nimesulid;;;
AULIN 100 mg tablety;Nimesulid;;;
AVAMYS 27,5 mikrogramov/vstrek, nosová suspenzná aerodisperzia;Flutikazónfuroát;;;
Avastin 25 mg/ml koncentrát na infúzny roztok;Bevacizumab;;;
AVONEX 30 mikrogramov/0,5 ml injekčný roztok naplnený v injekčnom pere;Interferón beta-1a;;;
Avtozma 162 mg injekčný roztok v naplnenej injekčnej striekačke;Tocilizumab;;;
Avtozma 162 mg injekčný roztok v naplnenom pere;Tocilizumab;;;
Avtozma 20 mg/ml koncentrát na infúzny roztok;Tocilizumab;;;
Avtozma 20 mg/ml koncentrát na infúzny roztok;Tocilizumab;;;
Avtozma 20 mg/ml koncentrát na infúzny roztok;Tocilizumab;;;
AXETINE 250 mg;Cefuroxím;;;
AXETINE 500 mg;Cefuroxím;;;
Azacitidine Accord 25 mg/ml prášok na injekčnú suspenziu;Azacitidín;;;
Azacitidine Accord 25 mg/ml prášok na injekčnú suspenziu;Azacitidín;;;
Azacitidine betapharm 25 mg/ml prášok na injekčnú suspenziu;Azacitidín;;;
Azacitidine Glenmark 25 mg/ml;Azacitidín;;;
Azacitidine Kabi 25 mg/ml prášok na injekčnú suspenziu;Azacitidín;;;
Azacitidine Sandoz 25 mg/ml prášok na injekčnú suspenziu;Azacitidín;;;
Azacitidine STADA Arzneimittel 25 mg/ml prášok na injekčnú suspenziu;Azacitidín;;;
Azacitidine Zentiva;Azacitidín;;;
AZARGA 10 mg/ml + 5 mg/ml očné suspenzné kvapky;Timolol, kombinácie;;;
AZARGA 10 mg/ml + 5 mg/ml očné suspenzné kvapky;Timolol, kombinácie;;;
Azelastín/Flutikazón STADA;Flutikazón,kombinácie;;;
Azelastín/Flutikazón Teva 137 mikrogramov/50 mikrogramov;Flutikazón,kombinácie;;;
Azibiot;Azitromycín;;;
AZILECT 1 mg tablety;Razagilín;;;
AZILECT 1 mg tablety;Razagilín;;;
Azithromycin Sandoz 200 mg/5 ml prášok na perorálnu suspenziu;Azitromycín;;;
Azithromycin Sandoz 250 mg filmom obalené tablety;Azitromycín;;;
Azithromycin Sandoz 500 mg filmom obalené tablety;Azitromycín;;;
Azithromycin Sandoz 500 mg filmom obalené tablety;Azitromycín;;;
Azitromycin Viatris 500 mg;Azitromycín;;;
Azitrox 250;Azitromycín;;;
Azitrox 500;Azitromycín;;;
AZOPT 10 mg/ml, očné suspenzné kvapky;Brinzolamid;;;
Bactroban;Mupirocín;;;
Balcoga 20 mg filmom obalené tablety;Sildenafil;;;
Balneum Hermal;Lieky s vazelínou a tukmi;;;
Balneum Hermal F;Lieky s vazelínou a tukmi;;;
Balneum Hermal Plus;Lieky s vazelínou a tukmi;;;
Balneum Hermal Plus;Lieky s vazelínou a tukmi;;;
Baneocin;Iné antibiotiká na lokálne použitie;;;
Baqsimi 3 mg nosový prášok v jednodávkovom obale;Glukagón;;;
Bavencio 20 mg/ml infúzny koncentrát;Avelumab;;;
BCG-medac;BCG vakcína;;;
BECLOMET EASYHALER 200 mcg;Beklometazón;;;
BECLOMET NASAL AQUA 100 µg;Beklometazón;;;
Beklometazón/Formoterol STADA 100 mikrogramov/6 mikrogramov/dávka;Formoterol a beklometazón;;;
Beklometazón/Formoterol STADA 100 mikrogramov/6 mikrogramov/dávka;Formoterol a beklometazón;;;
Beklometazón/Formoterol STADA 200 mikrogramov/6 mikrogramov/dávka;Formoterol a beklometazón;;;
Beklometazón/Formoterol STADA 200 mikrogramov/6 mikrogramov/dávka;Formoterol a beklometazón;;;
BELAKNE COMBI;Adapalén, kombinácie;;;
Belakne gél;Adapalén;;;
Belakne krém;Adapalén;;;
Beloderm;Betametazón;;;
Beloderm;Betametazón;;;
Beloderm lotion;Betametazón;;;
BELODUT;Tamsulozín a dutasterid;;;
BELOGENT;Betametazón a antibiotiká;;;
BELOGENT;Betametazón a antibiotiká;;;
Belokast 10 mg;Montelukast;;;
Belokast 5 mg;Montelukast;;;
BELORETIN 10 mg;Izotretinoín;;;
BELORETIN 20 mg;Izotretinoín;;;
Belosalic;Betametazón;;;
Belosalic;Betametazón;;;
Belosalic;Betametazón;;;
Bemfola 150 IU/0,25 ml injekčný roztok v naplnenom pere;Folitropín-alfa;;;
Bemfola 225 IU/0,375 ml injekčný roztok v naplnenom pere;Folitropín-alfa;;;
Bemfola 300 IU/0,50 ml injekčný roztok v naplnenom pere;Folitropín-alfa;;;
Bemfola 75 IU/0,125 ml injekčný roztok v naplnenom pere;Folitropín-alfa;;;
Bendamustine Glenmark 2,5 mg/ml;Bendamustín;;;
Bendamustine Glenmark 2,5 mg/ml;Bendamustín;;;
Bendamustine Kabi 2,5 mg/ml;Bendamustín;;;
Bendamustine Kabi 2,5 mg/ml;Bendamustín;;;
BENEMICIN 150 mg;Rifampicín;;;
BENEMICIN 300 mg;Rifampicín;;;
Benepali 50 mg injekčný roztok naplnený v injekčnej striekačke;Etanercept;;;
Benepali 50 mg injekčný roztok naplnený v injekčnom pere;Etanercept;;;
Benlysta 120 mg prášok na infúzny koncentrát;Belimumab;;;
Benlysta 200 mg injekčný roztok naplnený v injekčnom pere;Belimumab;;;
Benlysta 400 mg prášok na infúzny koncentrát;Belimumab;;;
BENOXI 0,4 %;Oxybuprokaín;;;
Beovu 120 mg/ml injekčný roztok v naplnenej injekčnej striekačke;Brolucizumab;;;
Berinert 500 IU;C1-inhibítor, derivát plazmy;;;
Beriplex 500 IU;Koagulačné faktory IX, II, VII a X v kombinácii;;;
BESPONSA 1 mg prášok na infúzny koncentrát;Inotuzumab-ozogamicín;;;
BETAC;Betaxolol;;;
BETAC;Betaxolol;;;
Betaferon 250 mikrogramov/ml, prášok a rozpúšťadlo na injekčný roztok;Interferón beta-1b;;;
Betahistin Actavis 16 mg;Betahistín;;;
Betahistin Actavis 24 mg;Betahistín;;;
Betahistin Actavis 24 mg;Betahistín;;;
Betahistin Actavis 8 mg;Betahistín;;;
Betahistin Viatris 24 mg;Betahistín;;;
Betahistin Viatris 24 mg;Betahistín;;;
Betaklav 500 mg/125 mg filmom obalené tablety;Amoxicilín a inhibítor betalaktamázy;;;
Betaklav 875 mg/125 mg filmom obalené tablety;Amoxicilín a inhibítor betalaktamázy;;;
Betaloc ZOK 100 mg;Metoprolol;;;
Betaloc ZOK 25 mg;Metoprolol;;;
Betaloc ZOK 50 mg;Metoprolol;;;
Betaxolol Medreg 20 mg;Betaxolol;;;
Betmiga 50 mg tablety s predĺženým uvoľňovaním;Mirabegron;;;
Betmiga 50 mg tablety s predĺženým uvoľňovaním;Mirabegron;;;
BETOPTIC;Betaxolol;;;
BETOPTIC S;Betaxolol;;;
Bevespi Aerosphere 7,2 mikrogramov/5 mikrogramov inhalačná suspenzia v tlakovom obale;Formoterol  a glykopyróniumbromid;;;
Bevimlar 15 mg filmom obalené tablety;Rivaroxabán;;;
Bevimlar 15 mg filmom obalené tablety;Rivaroxabán;;;
Bevimlar 15 mg filmom obalené tablety;Rivaroxabán;;;
Bevimlar 15 mg filmom obalené tablety + Bevimlar 20 mg filmom obalené tablety;Rivaroxabán;;;
Bevimlar 20 mg filmom obalené tablety;Rivaroxabán;;;
Bevimlar 20 mg filmom obalené tablety;Rivaroxabán;;;
Bewim 10 mg filmom obalené tablety;Prasugrel;;;
Bicagelan 150 mg filmom obalené tablety;Bikalutamid;;;
Bicalutamid-Teva 150 mg;Bikalutamid;;;
Bicalutamide Pharmevid 150 mg;Bikalutamid;;;
Bigital 10 mg/5 mg;Bisoprolol a iné antihypertenzíva;;;
Bigital 10 mg/5 mg;Bisoprolol a iné antihypertenzíva;;;
Bigital 5 mg/10 mg;Bisoprolol a iné antihypertenzíva;;;
Bigital 5 mg/10 mg;Bisoprolol a iné antihypertenzíva;;;
Bigital 5 mg/5 mg;Bisoprolol a iné antihypertenzíva;;;
Bigital 5 mg/5 mg;Bisoprolol a iné antihypertenzíva;;;
Biktarvy 50 mg/200 mg/25 mg filmom obalené tablety;Emtricitabín, tenofovir alafenamid a biktegravir;;;
Bilamcar 16 mg/10 mg tvrdé kapsuly;Kandesartan a amlodipín;;;
Bilamcar 16 mg/5 mg tvrdé kapsuly;Kandesartan a amlodipín;;;
Bilamcar 8 mg/5 mg tvrdé kapsuly;Kandesartan a amlodipín;;;
Bilastin STADA 20 mg tablety;Bilastín;;;
Bimatoprost Olikla 0,3 mg/ml očná roztoková instilácia;Bimatoprost;;;
Bimatoprost Olikla 0,3 mg/ml očná roztoková instilácia;Bimatoprost;;;
Bimatoprost/timolol Olikla 0,3 mg/ml + 5 mg/ml očné roztokové kvapky;Timolol, kombinácie;;;
Bimatoprost/timolol Olikla 0,3 mg/ml + 5 mg/ml očné roztokové kvapky;Timolol, kombinácie;;;
Bimzelx 160 mg injekčný roztok v naplnenom pere;Bimekizumab;;;
Binabic 150 mg;Bikalutamid;;;
Binabic 150 mg;Bikalutamid;;;
Binocrit 10 000 IU/1 ml injekčný roztok v naplnenej injekčnej striekačke;Erytropoetín;;;
Binocrit 2 000 IU/1 ml injekčný roztok v naplnenej injekčnej striekačke;Erytropoetín;;;
Binocrit 3 000 IU/0,3 ml injekčný roztok v naplnenej injekčnej striekačke;Erytropoetín;;;
Binocrit 30 000 IU/0,75 ml injekčný roztok v naplnenej injekčnej striekačke;Erytropoetín;;;
Binocrit 4 000 IU/0,4 ml injekčný roztok v naplnenej injekčnej striekačke;Erytropoetín;;;
Binocrit 40 000 IU/1 ml injekčný roztok v naplnenej injekčnej striekačke;Erytropoetín;;;
Binocrit 5 000 IU/0,5 ml injekčný roztok v naplnenej injekčnej striekačke;Erytropoetín;;;
Biomin H;Vápnik, kombinácie s vitamínom D a/alebo s inými liečivami;;;
Biomin H;Vápnik, kombinácie s vitamínom D a/alebo s inými liečivami;;;
BISEPTOL 100 mg/20 mg;Sulfametoxazol a trimetoprim;;;
BISEPTOL 400 mg/80 mg;Sulfametoxazol a trimetoprim;;;
BISEPTOL 480;Sulfametoxazol a trimetoprim;;;
Bisocard 10 mg;Bisoprolol;;;
Bisocard 10 mg;Bisoprolol;;;
Bisocard 5 mg;Bisoprolol;;;
Bisocard 5 mg;Bisoprolol;;;
Bisomerck 5;Bisoprolol;;;
Bisomyl Combi 2,5 mg/6,25 mg;Bisoprolol a tiazidy;;;
Bisomyl Combi 5 mg/6,25 mg;Bisoprolol a tiazidy;;;
Bisoprolol Medreg 2,5 mg;Bisoprolol;;;
Bisoprolol Medreg 5 mg;Bisoprolol;;;
Bisoprolol Vitabalans 5 mg tablety;Bisoprolol;;;
Bisoprolol-ratiopharm 10 mg;Bisoprolol;;;
Bisoprolol-ratiopharm 5 mg;Bisoprolol;;;
Biston;Karbamazepín;;;
BITAMMON;Sultamicilín;;;
Bitinex 10 mg;Atomoxetín;;;
Bitinex 18 mg;Atomoxetín;;;
Bitinex 25 mg;Atomoxetín;;;
Bitinex 40 mg;Atomoxetín;;;
Bitinex 60 mg;Atomoxetín;;;
Bitinex 80 mg;Atomoxetín;;;
Bixebra 5 mg filmom obalené tablety;Ivabradín;;;
Bixebra 7,5 mg filmom obalené tablety;Ivabradín;;;
Blemaren N;Rozpúšťadlá močových kameňov;;;
BLINCYTO 38,5 mikrogramov prášok na prípravu infúzneho koncentrátu a roztok na prípravu infúzneho roztoku;Blinatumomab;;;
Bomyntra 120 mg injekčný roztok v injekčnej liekovke;Denosumab;;;
Bomyntra 120 mg injekčný roztok v naplnenej injekčnej striekačke;Denosumab;;;
Bonaxon;Fingolimod;;;
Bonviva 150 mg, filmom obalené tablety;Kyselina ibandrónová;;;
Bonviva 3 mg injekčný roztok;Kyselina ibandrónová;;;
Boostrix;Očkovacia látka proti čiernemu kašľu, purifikovaný antigén, kombinácie s toxoidmi;;;
Boostrix Polio;Očkovacia látka proti záškrtu-čiernemu kašľu-poliomyelitíde-tetanu;;;
Bortezomib Accord 2,5 mg/ml injekčný roztok;Bortezomib;;;
Bortezomib EVER Pharma 2,5 mg/ml injekčný roztok;Bortezomib;;;
Bortezomib Fresenius Kabi 3,5 mg prášok na injekčný roztok;Bortezomib;;;
Bortezomib Glenmark 3,5 mg;Bortezomib;;;
Bortezomib STADA;Bortezomib;;;
Bosentan Accord 125 mg filmom obalené tablety;Bosentán;;;
Bosentan Accord 62,5 mg filmom obalené tablety;Bosentán;;;
BOTOX 100 Allergan Units;Botulotoxín;;;
BOXARID 14 mg filmom obalené tablety;Teriflunomid;;;
Bozilos;Teriflunomid;;;
Braftovi 50 mg tvrdé kapsuly;Enkorafenib;;;
Braftovi 75 mg tvrdé kapsuly;Enkorafenib;;;
Bramitob;Tobramycín;;;
Bretaris Genuair 322 mikrogramov inhalačný prášok;Aklidíniumbromid;;;
Brilique 90 mg filmom obalené tablety;Tikagrelor;;;
Brimica Genuair 340 mikrogramov /12 mikrogramov inhalačný prášok;Formoterol a aklidínium;;;
BRIMONAL 0,2 %;Brimonidín;;;
Brimonidin Olikla 2 mg/ml očné roztokové kvapky;Brimonidín;;;
Brimonidin Olikla 2 mg/ml očné roztokové kvapky;Brimonidín;;;
Brimonidin/timolol Olikla 2 mg/ml + 5 mg/ml očné roztokové kvapky;Timolol, kombinácie;;;
Brimonidin/timolol Olikla 2 mg/ml + 5 mg/ml očné roztokové kvapky;Timolol, kombinácie;;;
BRINAVESS 20 mg/ml infúzny koncentrát;Vernakalant;;;
Brintellix 10 mg filmom obalené tablety;Vortioxetín;;;
Brinzolamid Olikla 10 mg/ml očné suspenzné kvapky;Brinzolamid;;;
Brinzolamid Olikla 10 mg/ml očné suspenzné kvapky;Brinzolamid;;;
Brinzolamid/timolol Olikla;Timolol, kombinácie;;;
Briviact 10 mg/ml perorálny roztok;Brivaracetam;;;
Briviact 100 mg filmom obalené tablety;Brivaracetam;;;
Briviact 25 mg filmom obalené tablety;Brivaracetam;;;
Briviact 50 mg filmom obalené tablety;Brivaracetam;;;
Briviact 75 mg filmom obalené tablety;Brivaracetam;;;
Brizadopt 10 mg/ml;Brinzolamid;;;
Brizadopt 10 mg/ml;Brinzolamid;;;
Bromazepam Medreg 1,5 mg;Bromazepam;;;
Bromazepam Medreg 3 mg;Bromazepam;;;
BRONCHO-VAXOM pre deti;Iné imunostimulanciá (zmena WHO);;;
BRONCHO-VAXOM pre deti;Iné imunostimulanciá (zmena WHO);;;
BRONCHO-VAXOM pre dospelých;Iné imunostimulanciá (zmena WHO);;;
BRUFEN 600 mg;Ibuprofén;;;
BRUFEN RETARD 800 mg;Ibuprofén;;;
BUCCOLAM 10 mg orálny roztok;Midazolam;;;
BUCCOLAM 2,5 mg orálny roztok;Midazolam;;;
BUCCOLAM 5 mg orálny roztok;Midazolam;;;
BUCCOLAM 7,5 mg orálny roztok;Midazolam;;;
Budelin Novolizer 200 µg;Budezonid;;;
Budelin Novolizer 200 µg;Budezonid;;;
Budenofalk 3 mg gastrorezistentné kapsuly;Budezonid;;;
Budenofalk rektálna pena;Budezonid;;;
Budiair 0,2 mg;Budezonid;;;
Bupivacaine Noridem 5 mg/ml injekčný roztok;Bupivakaín;;;
Bupivacaine Noridem 5 mg/ml injekčný roztok;Bupivakaín;;;
Bupretec 35 mikrogramov/h transdermálna náplasť;Buprenorfín;;;
Bupretec 52,5 mikrogramov/h transdermálna náplasť;Buprenorfín;;;
Bupretec 70 mikrogramov/h transdermálna náplasť;Buprenorfín;;;
Bupropion Neuraxpharm 300 mg tablety s riadeným uvoľňovaním;Bupropión;;;
Cabazitaxel EVER Pharma 10 mg/ml koncentrát na infúzny roztok;Kabazitaxel;;;
Cabazitaxel EVER Pharma 10 mg/ml koncentrát na infúzny roztok;Kabazitaxel;;;
Cabazitaxel EVER Pharma 10 mg/ml koncentrát na infúzny roztok;Kabazitaxel;;;
Cabest 0,5 mg;Kabergolín;;;
Cablivi 10 mg prášok a rozpúšťadlo na injekčný roztok;Kaplacizumab;;;
Caelyx pegylated liposomal 2 mg/ml infúzny koncentrát;Doxorubicín;;;
Caelyx pegylated liposomal 2 mg/ml infúzny koncentrát;Doxorubicín;;;
CALCIFEROL BBP 7,5 mg/ml;Ergokalciferol;;;
Calcichew-D3 Citron 1 000 mg/800 IU;Vápnik, kombinácie s vitamínom D a/alebo s inými liečivami;;;
Calcichew-D3 Citron 500 mg/400 IU;Vápnik, kombinácie s vitamínom D a/alebo s inými liečivami;;;
Calcichew-D3 Citron 500 mg/400 IU;Vápnik, kombinácie s vitamínom D a/alebo s inými liečivami;;;
Calcii carbonas Galvex 500 mg;Uhličitan vápenatý;;;
CALCIUM BBP;Kalciumglukonát;;;
Calcium Resonium;Polystyrénsulfonát;;;
Calmaben;Difenhydramín;;;
Calquence 100 mg filmom obalené tablety;Akalabrutinib;;;
Caltrate 600 mg/400 IU D3 filmom obalená tableta;Vápnik, kombinácie s vitamínom D a/alebo s inými liečivami;;;
Caltrate D3 500 mg/1000 IU žuvacie tablety;Vápnik, kombinácie s vitamínom D a/alebo s inými liečivami;;;
Calypsol;Ketamín;;;
CAMPRAL;Akamprosát;;;
Candesartan HCT ratiopharm 16 mg/12,5 mg;Kandesartan a diuretiká;;;
Candesartan HCT ratiopharm 16 mg/12,5 mg;Kandesartan a diuretiká;;;
Candesartan ratiopharm 16 mg;Kandesartan;;;
Candesartan ratiopharm 32 mg;Kandesartan;;;
Candesartan ratiopharm 8 mg;Kandesartan;;;
Candesartan Sandoz 16 mg tablety;Kandesartan;;;
Candesartan Sandoz 16 mg tablety;Kandesartan;;;
Candesartan Sandoz 8 mg tablety;Kandesartan;;;
Candesartan/Hydrochlorotiazid Sandoz 16 mg/12,5 mg;Kandesartan a diuretiká;;;
Candesartan/Hydrochlorotiazid Sandoz 16 mg/12,5 mg;Kandesartan a diuretiká;;;
Canifug-Lösung 10 mg/ml;Klotrimazol;;;
Capecitabine Accord 500 mg filmom obalené tablety;Kapecitabín;;;
Capecitabine medac 500 mg filmom obalené tablety;Kapecitabín;;;
Capecitabine Pharmacenter 500 mg filmom obalené tablety;Kapecitabín;;;
Capecitabine Pharmagen 500 mg filmom obalené tablety;Kapecitabín;;;
Capecitabine STADA;Kapecitabín;;;
Caprelsa 100 mg filmom obalené tablety;Vandetanib;;;
Caprelsa 300 mg filmom obalené tablety;Vandetanib;;;
Caprodez;Bikalutamid;;;
Carbaglu 200 mg dispergovateľné tablety;Kyselina karglumová (starý názov: Kyselina karglutámová);;;
Carbaglu 200 mg dispergovateľné tablety;Kyselina karglumová (starý názov: Kyselina karglutámová);;;
Carbomedac 10 mg/ ml koncentrát na infúzny roztok;Karboplatina;;;
Carbomedac 10 mg/ ml koncentrát na infúzny roztok;Karboplatina;;;
Carboplatin Accord 10 mg/ml koncentrát na infúzny roztok;Karboplatina;;;
Carboplatin Accord 10 mg/ml koncentrát na infúzny roztok;Karboplatina;;;
Carboplatin Kabi 10 mg/ml;Karboplatina;;;
Carboplatin Kabi 10 mg/ml;Karboplatina;;;
Cardilan;Draslík;;;
Cardilopin 5 mg;Amlodipín;;;
Carlagirin;Kyselina acetylsalicylová;;;
Carlagirin;Kyselina acetylsalicylová;;;
CARLEVO 25 mg/100 mg;Levodopa a inhibítory dekarboxylázy;;;
CARLEVO 25 mg/250 mg;Levodopa a inhibítory dekarboxylázy;;;
CARTEOL LP 20 mg/ml;Karteolol;;;
CARTEOL LP 20 mg/ml;Karteolol;;;
Carvedigamma 12,5 mg filmom obalené tablety;Karvedilol;;;
Carvedigamma 25 mg filmom obalené tablety;Karvedilol;;;
Carvedilol-Teva 12,5 mg;Karvedilol;;;
Carvedilol-Teva 12,5 mg;Karvedilol;;;
Carvedilol-Teva 25 mg;Karvedilol;;;
Carvedilol-Teva 25 mg;Karvedilol;;;
Carvedilol-Teva 6,25 mg;Karvedilol;;;
Carvedilol-Teva 6,25 mg;Karvedilol;;;
Carzap 16 mg;Kandesartan;;;
Carzap 16 mg;Kandesartan;;;
Carzap 32 mg;Kandesartan;;;
Carzap 8 mg;Kandesartan;;;
Carzap HCT 16 mg/12,5 mg;Kandesartan a diuretiká;;;
Casaro 16 mg;Kandesartan;;;
Casaro 16 mg;Kandesartan;;;
Casaro 32 mg;Kandesartan;;;
Casaro 8 mg;Kandesartan;;;
Casaro HCT 16 mg/12,5 mg;Kandesartan a diuretiká;;;
Catiolanze 50 mikrogramov/ml očné emulzné kvapky;Latanoprost;;;
CEDROX 1000;Cefadroxil;;;
CEDROX 250;Cefadroxil;;;
CEDROX 500;Cefadroxil;;;
CEFIMED 200 mg;Cefixím;;;
CEFIMED 400 mg;Cefixím;;;
CEFIMED 400 mg;Cefixím;;;
Cefixím STADA 200 mg filmom obalené tablety;Cefixím;;;
Cefixím STADA 400 mg filmom obalené tablety;Cefixím;;;
Cefixime InnFarm 100 mg/5 ml granulát na perorálnu suspenziu;Cefixím;;;
Cefixime InnFarm 400 mg;Cefixím;;;
Cefixime InnFarm 400 mg;Cefixím;;;
Cefixime Viatris 400 mg;Cefixím;;;
Cefzil 250 mg;Cefprozil;;;
Cefzil 250 mg/5 ml;Cefprozil;;;
Cefzil 500 mg;Cefprozil;;;
CELEBREX 200 mg;Celekoxib;;;
CellCept 250 mg kapsuly;Kyselina mykofenolová;;;
CellCept 500 mg filmom obalené tablety;Kyselina mykofenolová;;;
CellCept 500 mg prášok na infúzny koncentrát;Kyselina mykofenolová;;;
Cerdelga 84 mg tvrdé kapsuly;Eliglustat;;;
Cerebrolysin 10 ml;Iné liečivá na centrálnu nervovú sústavu;;;
Cerebrolysin 5 ml;Iné liečivá na centrálnu nervovú sústavu;;;
Cerezyme 400 jednotiek prášok na infúzny koncentrát;Imigluceráza;;;
Certican 0,25 mg tablety;Everolimus;;;
Certican 0,75 mg tablety;Everolimus;;;
Cetirizin-ratiopharm 10 mg;Cetirizín;;;
Cetirizin-ratiopharm 10 mg;Cetirizín;;;
Cetirizine Sandoz 10 mg;Cetirizín;;;
Cetixin 10 mg filmom obalené tablety;Cetirizín;;;
Cetixin 10 mg filmom obalené tablety;Cetirizín;;;
Cetrotide 0,25 mg prášok a rozpúšťadlo na injekčný roztok;Cetrorelix;;;
Cetrotide 0,25 mg prášok a rozpúšťadlo na injekčný roztok;Cetrorelix;;;
Cezera 5 mg;Levocetirizín;;;
Cezera 5 mg;Levocetirizín;;;
Cezera 5 mg;Levocetirizín;;;
Cezera 5 mg;Levocetirizín;;;
Cibinqo 100 mg filmom obalené tablety;Abrocitinib;;;
Cibinqo 200 mg filmom obalené tablety;Abrocitinib;;;
Ciclesonide Glenmark 160 mikrogramov/dávka;Ciklezonid;;;
Ciclosporin Viatris 100 mg;Cyklosporín;;;
Ciclosporin Viatris 25 mg;Cyklosporín;;;
Ciclosporin Viatris 50 mg;Cyklosporín;;;
Cimzia 200 mg injekčný roztok v naplnenej injekčnej striekačke;Certolizumab pegol;;;
Cinacalcet Accordpharma 30 mg filmom obalené tablety;Cinakalcet;;;
Cinacalcet Accordpharma 60 mg filmom obalené tablety;Cinakalcet;;;
Cinacalcet Heaton 30 mg;Cinakalcet;;;
Cinacalcet Heaton 60 mg;Cinakalcet;;;
Cinacalcet Reddy 60 mg filmom obalené tablety;Cinakalcet;;;
Cinacalcet Teva 30 mg filmom obalené tablety;Cinakalcet;;;
Cinacalcet Viatris 30 mg filmom obalené tablety;Cinakalcet;;;
Cinacalcet Viatris 60 mg filmom obalené tablety;Cinakalcet;;;
Cinacalcet Viatris 90 mg filmom obalené tablety;Cinakalcet;;;
CINIE 100;Sumatriptán;;;
CINIE 50;Sumatriptán;;;
Ciphin 500;Ciprofloxacín;;;
Ciprinol 250;Ciprofloxacín;;;
Ciprinol 500;Ciprofloxacín;;;
Ciprofloxacín Sandoz 500 mg filmom obalené tablety;Ciprofloxacín;;;
Ciprofloxacín Sandoz 500 mg filmom obalené tablety;Ciprofloxacín;;;
Ciprofloxacin-Teva 500 mg filmom obalené tablety;Ciprofloxacín;;;
CIPROLON 500;Ciprofloxacín;;;
Cisordinol 10 mg;Zuklopentixol;;;
Cisordinol Depot 200 mg;Zuklopentixol;;;
Citalec 10 Zentiva;Citalopram;;;
Citalec 20 Zentiva;Citalopram;;;
Citalec 20 Zentiva;Citalopram;;;
Citalopram-Teva 10 mg;Citalopram;;;
Citalopram-Teva 20 mg;Citalopram;;;
Citalopram-Teva 20 mg;Citalopram;;;
CitraFleet;Dinátriumpikosulfát, kombinácie;;;
CLARELUX 500 mikrogramov/g dermálna pena;Klobetazol;;;
Clariscan 0,5 mmol/ml injekčný roztok;Kyselina gadoterová;;;
Clariscan 0,5 mmol/ml injekčný roztok;Kyselina gadoterová;;;
Clariscan 0,5 mmol/ml injekčný roztok;Kyselina gadoterová;;;
Clariscan 0,5 mmol/ml injekčný roztok naplnený v injekčnej striekačke;Kyselina gadoterová;;;
Claritine 10 mg;Loratadín;;;
Clefirem;Teriflunomid;;;
Clensia;Makrogol, kombinácie;;;
CLEXANE 10000 IU (100 mg)/1 ml;Enoxaparín;;;
CLEXANE 2000 IU (20 mg)/0,2 ml;Enoxaparín;;;
CLEXANE 4000 IU (40 mg)/0,4 ml;Enoxaparín;;;
CLEXANE 6000 IU (60 mg)/0,6 ml;Enoxaparín;;;
CLEXANE 8000 IU (80 mg)/0,8 ml;Enoxaparín;;;
CLEXANE FORTE 12000 IU (120 mg)/0,8 ml;Enoxaparín;;;
CLEXANE FORTE 15000 IU (150 mg)/1 ml;Enoxaparín;;;
CLOBEX;Klobetazol;;;
Clopidogrel Actavis 75 mg;Klopidogrel;;;
Clopidogrel Actavis 75 mg;Klopidogrel;;;
Clopigamma 75 mg;Klopidogrel;;;
Clozapine Accord 100 mg tablety;Klozapín;;;
Clozapine Accord 25 mg tablety;Klozapín;;;
Co-Amlessa 2 mg/5 mg/0,625 mg tablety;Perindopril,amlodipín a indapamid;;;
Co-Amlessa 4 mg/10 mg/1,25 mg tablety;Perindopril,amlodipín a indapamid;;;
Co-Amlessa 4 mg/5 mg/1,25 mg tablety;Perindopril,amlodipín a indapamid;;;
Co-Amlessa 4 mg/5 mg/1,25 mg tablety;Perindopril,amlodipín a indapamid;;;
Co-Amlessa 8 mg/10 mg/2,5 mg tablety;Perindopril,amlodipín a indapamid;;;
Co-Amlessa 8 mg/10 mg/2,5 mg tablety;Perindopril,amlodipín a indapamid;;;
Co-Amlessa 8 mg/5 mg/2,5 mg tablety;Perindopril,amlodipín a indapamid;;;
Co-Amlessa 8 mg/5 mg/2,5 mg tablety;Perindopril,amlodipín a indapamid;;;
Co-Amlessa Neo 10 mg/2,5 mg/10 mg tablety;Perindopril,amlodipín a indapamid;;;
Co-Amlessa Neo 10 mg/2,5 mg/10 mg tablety;Perindopril,amlodipín a indapamid;;;
Co-Amlessa Neo 10 mg/2,5 mg/5 mg tablety;Perindopril,amlodipín a indapamid;;;
Co-Amlessa Neo 10 mg/2,5 mg/5 mg tablety;Perindopril,amlodipín a indapamid;;;
Co-Amlessa Neo 5 mg/1,25 mg/5 mg tablety;Perindopril,amlodipín a indapamid;;;
Co-Amlessa Neo 5 mg/1,25 mg/5 mg tablety;Perindopril,amlodipín a indapamid;;;
Co-Prenessa 2 mg /0,625 mg;Perindopril a diuretiká;;;
Co-Prenessa 4 mg /1,25 mg;Perindopril a diuretiká;;;
Co-Prenessa 4 mg /1,25 mg;Perindopril a diuretiká;;;
Co-Prenessa 8 mg/2,5 mg;Perindopril a diuretiká;;;
Co-Prenessa 8 mg/2,5 mg;Perindopril a diuretiká;;;
Co-Prenessa Neo 10 mg/2,5 mg tablety;Perindopril a diuretiká;;;
Co-Prenessa Neo 10 mg/2,5 mg tablety;Perindopril a diuretiká;;;
Co-Prenessa Neo 5 mg/1,25 mg tablety;Perindopril a diuretiká;;;
Co-Prenessa Neo 5 mg/1,25 mg tablety;Perindopril a diuretiká;;;
Co-Valsacor 160 mg/12,5 mg filmom obalené tablety;Valsartan a diuretiká;;;
Co-Valsacor 160 mg/12,5 mg filmom obalené tablety;Valsartan a diuretiká;;;
Co-Valsacor 160 mg/25 mg filmom obalené tablety;Valsartan a diuretiká;;;
Co-Valsacor 320 mg/12,5 mg filmom obalené tablety;Valsartan a diuretiká;;;
Co-Valsacor 320 mg/12,5 mg filmom obalené tablety;Valsartan a diuretiká;;;
Co-Valsacor 320 mg/25 mg filmom obalené tablety;Valsartan a diuretiká;;;
Co-Valsacor 80 mg/12,5 mg filmom obalené tablety;Valsartan a diuretiká;;;
COAXIL;Tianeptín;;;
COAXIL;Tianeptín;;;
Codein-SLOVAKOFARMA 15 mg;Kodeín;;;
Codein-SLOVAKOFARMA 30 mg;Kodeín;;;
Colchicum-Dispert;Kolchicín;;;
Colchicum-Dispert;Kolchicín;;;
Colobreathe 1 662 500 IU inhalačný prášok v tvrdej kapsule;Kolistín;;;
Coloxet 500 mg;Kapecitabín;;;
COMBIGAN;Timolol, kombinácie;;;
COMETRIQ 20 mg tvrdé kapsuly, COMETRIQ 80 mg tvrdé kapsuly;Kabozantinib;;;
Comtan 200 mg filmom obalené tablety;Entakapón;;;
Conaret 10 mg tablety;Bisoprolol;;;
Conaret 2,5 mg tablety;Bisoprolol;;;
Conaret 5 mg tablety;Bisoprolol;;;
Conaret 5 mg tablety;Bisoprolol;;;
Conaret 7,5 mg tablety;Bisoprolol;;;
Concerta 36 mg tablety s predĺženým uvoľňovaním;Metylfenidát;;;
Concerta 54 mg tablety s predĺženým uvoľňovaním;Metylfenidát;;;
Concor 10 mg;Bisoprolol;;;
Concor 10 mg;Bisoprolol;;;
Concor 5 mg;Bisoprolol;;;
Concor 5 mg;Bisoprolol;;;
Concor Combi 10 mg/5 mg;Bisoprolol a iné antihypertenzíva;;;
Concor Combi 5 mg/10 mg;Bisoprolol a iné antihypertenzíva;;;
Concor Combi 5 mg/5 mg;Bisoprolol a iné antihypertenzíva;;;
Concor COR 10 mg;Bisoprolol;;;
Concor COR 2,5 mg;Bisoprolol;;;
Concor COR 5 mg;Bisoprolol;;;
Concor COR 5 mg;Bisoprolol;;;
Conexxence 60 mg injekčný roztok v naplnenej injekčnej striekačke;Denosumab;;;
Contiroxil 10 mg tablety s predĺženým uvoľňovaním;Oxykodón;;;
Contiroxil 20 mg tablety s predĺženým uvoľňovaním;Oxykodón;;;
Contiroxil 40 mg tablety s predĺženým uvoľňovaním;Oxykodón;;;
Contiroxil 80 mg tablety s predĺženým uvoľňovaním;Oxykodón;;;
CONTROLOC 20 mg gastrorezistentné tablety;Pantoprazol;;;
CONTROLOC 20 mg gastrorezistentné tablety;Pantoprazol;;;
CONTROLOC 40 mg;Pantoprazol;;;
CONTROLOC 40 mg;Pantoprazol;;;
CONVERIDE 300 mg/12,5 mg;Irbesartan a diuretiká;;;
CONVERIDE 300 mg/25 mg;Irbesartan a diuretiká;;;
Convulex 300 mg/ml kvapky;Kyselina valproová;;;
Convulex 500 mg kapsuly;Kyselina valproová;;;
Convulex CR 500 mg;Kyselina valproová;;;
Copaxone 20 mg/ml;Glatirameracetát;;;
Copaxone 40 mg/ml;Glatirameracetát;;;
Corbilta 100 mg/25 mg/200 mg filmom obalené tablety;Levodopa, inhibítor dekarboxylázy a COMT inhibítor;;;
Corbilta 150 mg/37,5 mg/200 mg filmom obalené tablety;Levodopa, inhibítor dekarboxylázy a COMT inhibítor;;;
Corbilta 200 mg/50 mg/200 mg filmom obalené tablety;Levodopa, inhibítor dekarboxylázy a COMT inhibítor;;;
Corbilta 50 mg/12,5 mg/200 mg filmom obalené tablety;Levodopa, inhibítor dekarboxylázy a COMT inhibítor;;;
Cordarone 150 mg/3 ml;Amiodarón;;;
Cordarone 200 mg;Amiodarón;;;
Cornusan 10 mg/20 mg;Simvastatín a ezetimib;;;
Cornusan 10 mg/20 mg;Simvastatín a ezetimib;;;
Cornusan 10 mg/40 mg;Simvastatín a ezetimib;;;
Cornusan 10 mg/40 mg;Simvastatín a ezetimib;;;
Coronal 10;Bisoprolol;;;
Coronal 5;Bisoprolol;;;
Cortiment 9 mg;Budezonid;;;
Corvaton;Molsidomín;;;
Corvaton forte;Molsidomín;;;
Corvaton retard;Molsidomín;;;
Corvitol 50;Metoprolol;;;
Coryol  6,25;Karvedilol;;;
Coryol 12,5;Karvedilol;;;
Coryol 25;Karvedilol;;;
Coryol 25;Karvedilol;;;
Cosentyx 150 mg injekčný roztok v naplnenom pere;Sekukinumab;;;
Cosentyx 150 mg injekčný roztok v naplnenom pere;Sekukinumab;;;
COSOPT Multi Dose Free 20 mg/ml + 5 mg/ml očné roztokové kvapky;Timolol, kombinácie;;;
COSTI;Domperidón;;;
COSTI;Domperidón;;;
Cotellic 20 mg filmom obalené tablety;Kobimetinib;;;
CRESEMBA 100 mg tvrdé kapsuly;Isavukonazol;;;
CRYSVITA 10 mg injekčný roztok;Burosumab;;;
CRYSVITA 20 mg injekčný roztok;Burosumab;;;
CRYSVITA 30 mg injekčný roztok;Burosumab;;;
Curatoderm;Takalcitol;;;
Curatoderm 4 µg/g dermálna emulzia;Takalcitol;;;
Cuvitru 200 mg/ml;Normálne ľudské imunoglobulíny na extravenózne použitie;;;
Cuvitru 200 mg/ml;Normálne ľudské imunoglobulíny na extravenózne použitie;;;
Cuvitru 200 mg/ml;Normálne ľudské imunoglobulíny na extravenózne použitie;;;
Cyclolux 0,5 mmol/ml injekčný roztok;Kyselina gadoterová;;;
Cyclolux 0,5 mmol/ml injekčný roztok;Kyselina gadoterová;;;
Cyclolux 0,5 mmol/ml injekčný roztok;Kyselina gadoterová;;;
Cyclonamine 500 mg;Etamsylát;;;
Cystadrops, 3,8 mg/ml očná roztoková instilácia;Merkaptamín;;;
Dabahib 110 mg tvrdé kapsuly;Dabigatránetexilát;;;
Dabahib 150 mg tvrdé kapsuly;Dabigatránetexilát;;;
Dabigatran etexilate Accord 110 mg tvrdé kapsuly;Dabigatránetexilát;;;
Dabigatran etexilate Accord 110 mg tvrdé kapsuly;Dabigatránetexilát;;;
Dabigatran etexilate Accord 110 mg tvrdé kapsuly;Dabigatránetexilát;;;
Dabigatran etexilate Accord 150 mg tvrdé kapsuly;Dabigatránetexilát;;;
Dabigatran etexilate Accord 150 mg tvrdé kapsuly;Dabigatránetexilát;;;
Dabigatran etexilate Glenmark 110 mg tvrdé kapsuly;Dabigatránetexilát;;;
Dabigatran etexilate Glenmark 150 mg tvrdé kapsuly;Dabigatránetexilát;;;
Dabigatran-etexilát STADA Arzneimittel 110 mg tvrdé kapsuly;Dabigatránetexilát;;;
Dabigatran-etexilát STADA Arzneimittel 110 mg tvrdé kapsuly;Dabigatránetexilát;;;
Dabigatran-etexilát STADA Arzneimittel 150 mg tvrdé kapsuly;Dabigatránetexilát;;;
Dabigatran-etexilát STADA Arzneimittel 150 mg tvrdé kapsuly;Dabigatránetexilát;;;
Dacepton 10 mg/ml injekčný roztok v náhradnej náplni;Apomorfín;;;
Dacepton 10 mg/ml injekčný/infúzny roztok;Apomorfín;;;
Dailiport 0,5 mg;Takrolimus;;;
Dailiport 1 mg;Takrolimus;;;
Dailiport 3 mg;Takrolimus;;;
Dailiport 5 mg;Takrolimus;;;
DALACIN C 150 mg;Klindamycín;;;
DALACIN C 300 mg;Klindamycín;;;
DALACIN V 2 %;Klindamycín;;;
Daroxomb 110 mg;Dabigatránetexilát;;;
Daroxomb 110 mg;Dabigatránetexilát;;;
Daroxomb 110 mg;Dabigatránetexilát;;;
Daroxomb 150 mg;Dabigatránetexilát;;;
Daroxomb 150 mg;Dabigatránetexilát;;;
Darunavir Krka 800 mg filmom obalené tablety;Darunavir;;;
Darunavir Viatris 800 mg filmom obalené tablety;Darunavir;;;
Daruph 55 mg;Dazatinib;;;
Daruph 79 mg;Dazatinib;;;
DARZALEX 1 800 mg injekčný roztok;Daratumumab;;;
DARZALEX 20 mg/ml infúzny koncentrát;Daratumumab;;;
DARZALEX 20 mg/ml infúzny koncentrát;Daratumumab;;;
Dasatinib Krka 100 mg filmom obalené tablety;Dazatinib;;;
Dasatinib Krka 70 mg filmom obalené tablety;Dazatinib;;;
Dasatinib Sandoz 100 mg;Dazatinib;;;
Dasatinib Sandoz 70 mg;Dazatinib;;;
Dasatinib Teva 100 mg;Dazatinib;;;
Dasatinib Teva 70 mg;Dazatinib;;;
Dasatinib Zentiva 100 mg filmom obalené tablety;Dazatinib;;;
Dasatinib Zentiva 70 mg filmom obalené tablety;Dazatinib;;;
Daslodil 5 mg;Dezloratadín;;;
Daslodil 5 mg;Dezloratadín;;;
Daslodil 5 mg;Dezloratadín;;;
Dasselta 5 mg filmom obalená tableta;Dezloratadín;;;
Dasselta 5 mg filmom obalená tableta;Dezloratadín;;;
Dasselta 5 mg filmom obalená tableta;Dezloratadín;;;
DAUNOBLASTINA;Daunorubicín;;;
Daxanlo 110 mg tvrdé kapsuly;Dabigatránetexilát;;;
Daxanlo 110 mg tvrdé kapsuly;Dabigatránetexilát;;;
Daxanlo 150 mg tvrdé kapsuly;Dabigatránetexilát;;;
Daxanlo 150 mg tvrdé kapsuly;Dabigatránetexilát;;;
DECAPEPTYL 0,1 mg;Triptorelín;;;
Deferasirox Accord 360 mg filmom obalené tablety;Deferasirox;;;
Deferasirox Glenmark 360 mg filmom obalené tablety;Deferasirox;;;
Deferasirox Mylan 180 mg filmom obalené tablety;Deferasirox;;;
Deferasirox Mylan 360 mg filmom obalené tablety;Deferasirox;;;
Deferasirox Sandoz 180 mg;Deferasirox;;;
Deferasirox Sandoz 360 mg;Deferasirox;;;
Deferasirox STADA 180 mg filmom obalené tablety;Deferasirox;;;
Deferasirox STADA 360 mg filmom obalené tablety;Deferasirox;;;
Deferasirox Teva 360 mg filmom obalené tablety;Deferasirox;;;
Deferasirox Zentiva 360 mg;Deferasirox;;;
DENEREL;Ketotifén;;;
Depakine Chrono 500 mg;Kyselina valproová;;;
DEPO-MEDROL 40 mg/ml;Metylprednizolón;;;
Dereflin 20 mg tvrdé gastrorezistentné kapsuly;Ezomeprazol;;;
Dereflin 20 mg tvrdé gastrorezistentné kapsuly;Ezomeprazol;;;
Dereflin 40 mg tvrdé gastrorezistentné kapsuly;Ezomeprazol;;;
Dereflin 40 mg tvrdé gastrorezistentné kapsuly;Ezomeprazol;;;
Derin 100 mg filmom obalené tablety;Kvetiapín;;;
Derin 200 mg filmom obalené tablety;Kvetiapín;;;
Derin 25 mg filmom obalené tablety;Kvetiapín;;;
Derin 300 mg filmom obalené tablety;Kvetiapín;;;
Derin Prolong 200 mg;Kvetiapín;;;
Derin Prolong 300 mg;Kvetiapín;;;
Desloratadin Zentiva 5 mg filmom obalené tablety;Dezloratadín;;;
Desloratadin Zentiva 5 mg filmom obalené tablety;Dezloratadín;;;
Desloratadin Zentiva 5 mg filmom obalené tablety;Dezloratadín;;;
Desloratadine Actavis 5 mg filmom obalené tablety;Dezloratadín;;;
Desloratadine Actavis 5 mg filmom obalené tablety;Dezloratadín;;;
Desloratadine Actavis 5 mg filmom obalené tablety;Dezloratadín;;;
Desurol 30 mg tvrdé kapsuly s predĺženým uvoľňovaním;Urapidil;;;
Desurol 30 mg tvrdé kapsuly s predĺženým uvoľňovaním;Urapidil;;;
Desurol 60 mg tvrdé kapsuly s predĺženým uvoľňovaním;Urapidil;;;
Desurol 60 mg tvrdé kapsuly s predĺženým uvoľňovaním;Urapidil;;;
Dexa-Gentamicin;Dexametazón a antiinfektíva;;;
Dexa-Gentamicin;Dexametazón a antiinfektíva;;;
Dexadol 25 mg gro por;Dexketoprofén;;;
Dexadol 25 mg gro por;Dexketoprofén;;;
DEXAMED;Dexametazón;;;
Dexametazón Krka 20 mg tablety;Dexametazón;;;
Dexametazón Krka 4 mg tablety;Dexametazón;;;
Dexamethasone Noridem 4 mg/ml injekčný roztok;Dexametazón;;;
Dexamethasone Noridem 4 mg/ml injekčný roztok;Dexametazón;;;
Dezmopresín Stada 120 mikrogramov sublingválne tablety;Dezmopresín;;;
Dezmopresín Stada 240 mikrogramov sublingválne tablety;Dezmopresín;;;
Dezmopresín Stada 60 mikrogramov sublingválne tablety;Dezmopresín;;;
DHC Continus 120 mg;Dihydrokodeín;;;
DHC Continus 60 mg;Dihydrokodeín;;;
DHC Continus 90 mg;Dihydrokodeín;;;
DIACORDIN 120 RETARD;Diltiazem;;;
DIACORDIN 90 RETARD;Diltiazem;;;
DIAPREL MR 60 mg;Gliklazid;;;
DIAPREL MR 60 mg;Gliklazid;;;
Diazepam Desitin rectal tube 10 mg;Diazepam;;;
Diazepam Desitin rectal tube 5 mg;Diazepam;;;
DICARTIL 10 mg/10 mg filmom obalené tablety;Atorvastatín a amlodipín;;;
DICARTIL 5 mg/10 mg filmom obalené tablety;Atorvastatín a amlodipín;;;
dicetel 100 mg;Pinavérium;;;
Diclac retard;Diklofenak;;;
Diclofenac Duo Bausch Health 75 mg;Diklofenak;;;
Diclofenac Duo Bausch Health 75 mg;Diklofenak;;;
Diclovit;Diklofenak, kombinácie;;;
DICYNONE 250;Etamsylát;;;
DICYNONE 500 kapsuly;Etamsylát;;;
Differine krém;Adapalén;;;
DIFLUCAN 150 mg;Flukonazol;;;
DIFLUCAN P.O.S. 10 mg/ml;Flukonazol;;;
DIFLUCAN P.O.S. 40 mg/ml;Flukonazol;;;
Digoxin 0,125 Léčiva;Digoxín;;;
Digoxin 0,250 Léčiva;Digoxín;;;
Diluran;Acetazolamid;;;
Dimethyl Fumarate Gedeon Richter 120 mg tvrdé gastrorezistentné kapsuly;Dimetyl-fumarát;;;
Dimethyl Fumarate Gedeon Richter 240 mg tvrdé gastrorezistentné kapsuly;Dimetyl-fumarát;;;
Dimethyl fumarate Glenmark 120 mg;Dimetyl-fumarát;;;
Dimethyl fumarate Glenmark 240 mg;Dimetyl-fumarát;;;
Dimethyl fumarate Mylan 120 mg tvrdé gastrorezistentné kapsuly;Dimetyl-fumarát;;;
Dimethyl fumarate Mylan 240 mg tvrdé gastrorezistentné kapsuly;Dimetyl-fumarát;;;
Dimethyl fumarate Teva Slovakia 120 mg tvrdé gastrorezistentné kapsuly;Dimetyl-fumarát;;;
Dimethyl fumarate Teva Slovakia 240 mg tvrdé gastrorezistentné kapsuly;Dimetyl-fumarát;;;
Dimetyl-fumarát G.L. Pharma 120 mg tvrdé gastrorezistentné kapsuly;Dimetyl-fumarát;;;
Dimetyl-fumarát G.L. Pharma 240 mg tvrdé gastrorezistentné kapsuly;Dimetyl-fumarát;;;
Dimtruzic 120 mg;Dimetyl-fumarát;;;
Dimtruzic 240 mg;Dimetyl-fumarát;;;
DIOMPRAZ 75 mg/20 mg tvrdé kapsuly s riadeným uvoľňovaním;Diklofenak, kombinácie;;;
Diphereline 0,1 mg;Triptorelín;;;
Diphereline S.R. 11,25 mg;Triptorelín;;;
Diphereline S.R. 3,75 mg;Triptorelín;;;
Dipperam HCT 10 mg/160 mg/12,5 mg filmom obalené tablety;Amlodipínium-bezylát, valsartan, hydrochlórtiazid;;;
Dipperam HCT 10 mg/160 mg/25 mg filmom obalené tablety;Amlodipínium-bezylát, valsartan, hydrochlórtiazid;;;
Dipperam HCT 5 mg/160 mg/12,5 mg filmom obalené tablety;Amlodipínium-bezylát, valsartan, hydrochlórtiazid;;;
Dipperam HCT 5 mg/160 mg/25 mg filmom obalené tablety;Amlodipínium-bezylát, valsartan, hydrochlórtiazid;;;
DIRONORM tablety;Lizinopril a amlodipín;;;
DIROTON 10 mg;Lizinopril;;;
DIROTON 20 mg;Lizinopril;;;
DIROTON 5 mg;Lizinopril;;;
Diroton plus H 10 mg/12,5 mg tablety;Lizinopril a diuretiká;;;
Diroton plus H 20 mg /12,5 mg tablety;Lizinopril a diuretiká;;;
DISULONE 100 au protoxalate de fer;Dapsón;;;
Dithiaden;Ostatné antihistaminiká na systémové použitie;;;
DITHIADEN;Ostatné antihistaminiká na systémové použitie;;;
Dithiaden inj;Iné antihistaminiká na systémové použitie;;;
Docetaxel Accord 20 mg/1 ml infúzny koncentrát;Docetaxel;;;
Docetaxel Accord 80 mg/4 ml infúzny koncentrát;Docetaxel;;;
DOCETAXEL KABI 20 mg/1 ml infúzny koncentrát;Docetaxel;;;
DOCETAXEL KABI 80 mg/4 ml infúzny koncentrát;Docetaxel;;;
Docetaxel Sandoz 10 mg/ ml infúzny koncentrát;Docetaxel;;;
Docetaxel Sandoz 10 mg/ ml koncentrát na infúzny roztok;Docetaxel;;;
DOLTEN 50 mg filmom obalené tablety;Tapentadol;;;
DOLTEN RETARD 100 mg tablety s predĺženým uvoľňovaním;Tapentadol;;;
DOLTEN RETARD 150 mg tablety s predĺženým uvoľňovaním;Tapentadol;;;
DOLTEN RETARD 50 mg tablety s predĺženým uvoľňovaním;Tapentadol;;;
Donepezil Accord 10 mg filmom obalené tablety;Donepezil;;;
Donepezil Accord 5 mg filmom obalené tablety;Donepezil;;;
Donepezil Viatris 10 mg orodispergovateľné tablety;Donepezil;;;
Donepezil Viatris 5 mg orodispergovateľné tablety;Donepezil;;;
Donesyn 10 mg;Donepezil;;;
Donesyn 10 mg;Donepezil;;;
Donesyn 5 mg;Donepezil;;;
Donesyn 5 mg;Donepezil;;;
Dopegyt;Metyldopa (ľavotočivá);;;
Doptelet 20 mg filmom obalené tablety;Avatrombopag;;;
Doptelet 20 mg filmom obalené tablety;Avatrombopag;;;
Doptelet 20 mg filmom obalené tablety;Avatrombopag;;;
Doreta 37,5 mg/325 mg dispergovateľné tablety;Tramadol a paracetamol;;;
Doreta 37,5 mg/325 mg dispergovateľné tablety;Tramadol a paracetamol;;;
Doreta 37,5 mg/325 mg filmom obalené tablety;Tramadol a paracetamol;;;
Doreta 37,5 mg/325 mg filmom obalené tablety;Tramadol a paracetamol;;;
Doreta 37,5 mg/325 mg filmom obalené tablety;Tramadol a paracetamol;;;
Doreta 75 mg/650 mg filmom obalené tablety;Tramadol a paracetamol;;;
Doreta 75 mg/650 mg filmom obalené tablety;Tramadol a paracetamol;;;
Doreta SR 75 mg/650 mg tablety s predĺženým uvoľňovaním;Tramadol a paracetamol;;;
Dorzolamid Olikla 20 mg/ml očné roztokové kvapky;Dorzolamid;;;
Dorzolamid Olikla 20 mg/ml očné roztokové kvapky;Dorzolamid;;;
Dorzolamid/timolol Olikla 20 mg/ml + 5 mg/ml očné roztokové kvapky;Timolol, kombinácie;;;
Dorzolamid/timolol Olikla 20 mg/ml + 5 mg/ml očné roztokové kvapky;Timolol, kombinácie;;;
DOTAREM 0,5 mmol/ml injekčný roztok v injekčných liekovkách;Kyselina gadoterová;;;
DOTAREM 0,5 mmol/ml injekčný roztok v injekčných liekovkách;Kyselina gadoterová;;;
DOTAREM 0,5 mmol/ml injekčný roztok v injekčných liekovkách;Kyselina gadoterová;;;
Dovato 50 mg/300 mg filmom obalené tablety;Lamivudín a dolutegravir;;;
Dovequa 15 mg;Rivaroxabán;;;
Dovequa 20 mg;Rivaroxabán;;;
Doxorubicin Sandoz 2 mg/ml;Doxorubicín;;;
Doxorubicin Sandoz 2 mg/ml;Doxorubicín;;;
Doxyhexal 200 Tabs;Doxycyklín;;;
Doxyhexal 200 Tabs;Doxycyklín;;;
Doxyhexal Tabs;Doxycyklín;;;
Duac Gel;Klindamycín, kombinácie;;;
Duac Gel;Klindamycín, kombinácie;;;
Duaklir Genuair 340 mikrogramov/12 mikrogramov inhalačný prášok;Formoterol a aklidínium;;;
Duloxetin Sandoz 30 mg;Duloxetín;;;
Duloxetin Sandoz 60 mg;Duloxetín;;;
Duloxetin Stada 60 mg tvrdé gastrorezistentné kapsuly;Duloxetín;;;
Duloxetin Stada 60 mg tvrdé gastrorezistentné kapsuly;Duloxetín;;;
Dulsevia 30 mg tvrdé gastrorezistentné kapsuly;Duloxetín;;;
Dulsevia 60 mg tvrdé gastrorezistentné kapsuly;Duloxetín;;;
Dulsevia 60 mg tvrdé gastrorezistentné kapsuly;Duloxetín;;;
Duodopa intestinálny gél;Levodopa a inhibítory dekarboxylázy;;;
Duodopa SC 240 mg/ml + 12 mg/ml infúzny roztok;Foslevodopa a inhibítor dekarboxylázy;;;
DuoTrav 40 mikrogramov/ml + 5 mg/ml očná roztoková instilácia;Timolol, kombinácie;;;
DuoTrav 40 mikrogramov/ml + 5 mg/ml očná roztoková instilácia;Timolol, kombinácie;;;
DuoTrav 40 mikrogramov/ml + 5 mg/ml očná roztoková instilácia;Timolol, kombinácie;;;
Duoxona 10 mg/5 mg tablety s predĺženým uvoľňovaním;Oxykodón a naloxón;;;
Duoxona 20 mg/10 mg tablety s predĺženým uvoľňovaním;Oxykodón a naloxón;;;
Duoxona 40 mg/20 mg tablety s predĺženým uvoľňovaním;Oxykodón a naloxón;;;
DUPHALAC;Laktulóza;;;
Dupixent 200 mg injekčný roztok naplnený v injekčnej striekačke;Dupilumab;;;
Dupixent 200 mg injekčný roztok naplnený v injekčnom pere;Dupilumab;;;
Dupixent 300 mg injekčný roztok naplnený v injekčnej striekačke;Dupilumab;;;
Dupixent 300 mg injekčný roztok naplnený v injekčnom pere;Dupilumab;;;
duspatalin 200;Mebeverín;;;
Dutalan 0,5 mg mäkké kapsuly;Dutasterid;;;
DUTAMED 0,5 mg;Dutasterid;;;
Dutamon;Dutasterid;;;
Dutasterid/Tamsulozín FMK;Tamsulozín a dutasterid;;;
Dutasteride/Tamsulosin Glenmark 0,5 mg/0,4 mg;Tamsulozín a dutasterid;;;
Dutasteride/Tamsulosin Krka 0,5 mg/0,4 mg tvrdé kapsuly;Tamsulozín a dutasterid;;;
Dutasteride/Tamsulosin Olpha;Tamsulozín a dutasterid;;;
Dutrys 0,5 mg;Dutasterid;;;
Dymista nosová aerodisperzia;Flutikazón,kombinácie;;;
Dysport 500 U;Botulotoxín;;;
Ebixa 10 mg;Memantín;;;
Ebixa 20 mg;Memantín;;;
Ebrantil 30;Urapidil;;;
Ebrantil 60;Urapidil;;;
Ecansya 500 mg filmom obalené tablety;Kapecitabín;;;
Ecobec 100 µg;Beklometazón;;;
Ecobec 250 µg;Beklometazón;;;
Ecobec 250 µg Easi-Breathe;Beklometazón;;;
Ecugra 90 mg;Tikagrelor;;;
Edoxaban Olpha 30 mg filmom obalené tablety;Edoxabán;;;
Edoxaban Olpha 30 mg filmom obalené tablety;Edoxabán;;;
Edoxaban Olpha 60 mg filmom obalené tablety;Edoxabán;;;
Edoxaban Olpha 60 mg filmom obalené tablety;Edoxabán;;;
Edoxaban Sandoz 30 mg;Edoxabán;;;
Edoxaban Sandoz 30 mg;Edoxabán;;;
Edoxaban Sandoz 60 mg;Edoxabán;;;
Edoxaban Sandoz 60 mg;Edoxabán;;;
Edoxabán STADA 30 mg filmom obalené tablety;Edoxabán;;;
Edoxabán STADA 30 mg filmom obalené tablety;Edoxabán;;;
Edoxabán STADA 60 mg filmom obalené tablety;Edoxabán;;;
Edoxabán STADA 60 mg filmom obalené tablety;Edoxabán;;;
Edoxabán STADA 60 mg filmom obalené tablety;Edoxabán;;;
Edoxabán STADA 60 mg filmom obalené tablety;Edoxabán;;;
Edoxaban Viatris 30 mg;Edoxabán;;;
Edoxaban Viatris 30 mg;Edoxabán;;;
Edoxaban Viatris 60 mg;Edoxabán;;;
Edoxaban Viatris 60 mg;Edoxabán;;;
EDURANT 25 mg filmom obalené tablety;Rilpivirín;;;
Effentora 100 mikrogramov bukálne tablety;Fentanyl;;;
Effentora 200 mikrogramov bukálne tablety;Fentanyl;;;
EFFLUMIDEX Liquifilm;Fluórmetolón;;;
Efient 10 mg filmom obalené tablety;Prasugrel;;;
Efigalo 0,5 mg tvrdé kapsuly;Fingolimod;;;
EFUDIX;Fluóruracil;;;
Egilok 100 mg;Metoprolol;;;
Egilok 100 mg;Metoprolol;;;
Egilok 50 mg;Metoprolol;;;
Egiramlon 10 mg/10 mg;Ramipril a amlodipín;;;
Egiramlon 10 mg/10 mg;Ramipril a amlodipín;;;
Egiramlon 10 mg/5 mg;Ramipril a amlodipín;;;
Egiramlon 5 mg/5 mg;Ramipril a amlodipín;;;
Egistrozol;Anastrozol;;;
Egoropal 100 mg;Paliperidón;;;
Egoropal 150 mg;Paliperidón;;;
Egoropal 50 mg;Paliperidón;;;
Egoropal 75 mg;Paliperidón;;;
Elaprase 2 mg/ml infúzny koncentrát;Idursulfáza;;;
Eleveon 25 mg;Eplerenón;;;
Eleveon 25 mg;Eplerenón;;;
Eleveon 50 mg;Eplerenón;;;
Eleveon 50 mg;Eplerenón;;;
Elfabrio 2mg/ml koncentrát na infúzny roztok;Pegunigalzidáza alfa;;;
Elicea 10 mg;Escitalopram;;;
Elicea 10 mg;Escitalopram;;;
Elicea 10 mg;Escitalopram;;;
Elicea Q-Tab 10 mg orodispergovateľné tablety;Escitalopram;;;
Elidel 10 mg/g krém;Pimekrolimus;;;
Eligard 22,5 mg;Leuprorelín;;;
Eligard 45 mg;Leuprorelín;;;
Eligard 7,5 mg;Leuprorelín;;;
Eliquis 2,5 mg filmom obalené tablety;Apixabán;;;
Eliquis 2,5 mg filmom obalené tablety;Apixabán;;;
Eliquis 5 mg filmom obalené tablety;Apixabán;;;
Eliquis 5 mg filmom obalené tablety;Apixabán;;;
ELOCOM krém;Mometazón;;;
ELOCOM masť;Mometazón;;;
ELOCTA 1000 IU prášok a rozpúšťadlo na injekčný roztok;Koagulačný faktor VIII;;;
ELOCTA 1500 IU prášok a rozpúšťadlo na injekčný roztok;Koagulačný faktor VIII;;;
ELOCTA 2000 IU prášok a rozpúšťadlo na injekčný roztok;Koagulačný faktor VIII;;;
ELOCTA 250 IU prášok a rozpúšťadlo na injekčný roztok;Koagulačný faktor VIII;;;
ELOCTA 3000 IU prášok a rozpúšťadlo na injekčný roztok;Koagulačný faktor VIII;;;
ELOCTA 500 IU prášok a rozpúšťadlo na injekčný roztok;Koagulačný faktor VIII;;;
Elontril 150 mg;Bupropión;;;
Elontril 300 mg;Bupropión;;;
Eltrombopag Accord 25 mg filmom obalené tablety;Eltrombopag;;;
Eltrombopag Accord 50 mg filmom obalené tablety;Eltrombopag;;;
Eltrombopag Glenmark 25 mg;Eltrombopag;;;
Eltrombopag Glenmark 50 mg;Eltrombopag;;;
Eltrombopag Krka 25 mg filmom obalené tablety;Eltrombopag;;;
Eltrombopag Krka 50 mg filmom obalené tablety;Eltrombopag;;;
Eltrombopag Olpha 25 mg filmom obalené tablety;Eltrombopag;;;
Eltrombopag Olpha 50 mg filmom obalené tablety;Eltrombopag;;;
Eltrombopag Pharmevid 25 mg;Eltrombopag;;;
Eltrombopag Pharmevid 50 mg;Eltrombopag;;;
Eltrombopag STADA 25 mg filmom obalené tablety;Eltrombopag;;;
Eltrombopag STADA 50 mg filmom obalené tablety;Eltrombopag;;;
Eltrombopag Teva 25 mg;Eltrombopag;;;
Eltrombopag Teva 50 mg;Eltrombopag;;;
Eltrombopag Viatris 25 mg filmom obalené tablety;Eltrombopag;;;
Eltrombopag Viatris 50 mg filmom obalené tablety;Eltrombopag;;;
EMADINE 0,5 mg/ml očná roztoková instilácia;Emedastín;;;
Emanera 20 mg tvrdé gastrorezistentné kapsuly;Ezomeprazol;;;
Emanera 20 mg tvrdé gastrorezistentné kapsuly;Ezomeprazol;;;
Emanera 40 mg tvrdé gastrorezistentné kapsuly;Ezomeprazol;;;
Emanera 40 mg tvrdé gastrorezistentné kapsuly;Ezomeprazol;;;
Embavi 2,5 mg filmom obalené tablety;Apixabán;;;
Embavi 2,5 mg filmom obalené tablety;Apixabán;;;
Embavi 5 mg filmom obalené tablety;Apixabán;;;
Embavi 5 mg filmom obalené tablety;Apixabán;;;
Emegar 1 mg;Granisetrón;;;
Emegar 2 mg;Granisetrón;;;
Emegar 2 mg;Granisetrón;;;
EMEND 125 mg tvrdé kapsuly, EMEND 80 mg tvrdé kapsuly;Aprepitant;;;
Emgality 120 mg injekčný roztok v naplnenom pere;Galkanezumab;;;
Emoxen Plus;Naproxén a ezomeprazol;;;
Emoxen Plus;Naproxén a ezomeprazol;;;
Emselex;Darifenacín;;;
Emtricitabine/Tenofovir disoproxil Krka 200 mg/245 mg filmom obalené tablety;Tenofovir dizoproxil a emtricitabín;;;
Emtricitabine/Tenofovir disoproxil Mylan 200 mg/245 mg filmom obalené tablety;Tenofovir dizoproxil a emtricitabín;;;
Enbrel 10 mg prášok a rozpúšťadlo na injekčný roztok pre pediatrické použitie;Etanercept;;;
Enbrel 25 mg injekčný roztok v naplnenej injekčnej striekačke;Etanercept;;;
Enbrel 25 mg prášok a rozpúšťadlo na injekčný roztok;Etanercept;;;
Enbrel 50 mg injekčný roztok v naplnenej injekčnej striekačke;Etanercept;;;
Enbrel 50 mg injekčný roztok v naplnenom pere;Etanercept;;;
Endovelle 2 mg tablety;Dienogest;;;
Endoxan 1000 mg prášok na injekčný roztok;Cyklofosfamid;;;
Endoxan 200 mg prášok na injekčný roztok;Cyklofosfamid;;;
Endoxan 500 mg prášok na injekčný roztok;Cyklofosfamid;;;
ENELBIN 100 retard;Naftidrofuryl;;;
ENELBIN 100 retard;Naftidrofuryl;;;
"Enerzair Breezhaler 114 mikrogramov/46 mikrogramov/136 mikrogramov inhalačný prášok v tvrdých
kapsulách";Indakaterol, glykopyrónium-bromid a mometazón;;;
ENGERIX-B 20 µg;Očkovacia látka proti hepatitíde B, purifikovaný antigén;;;
Enhertu 100 mg prášok na koncentrát na infúzny roztok;Trastuzumab-deruxtekan;;;
Enkia 15 mg filmom obalené tablety;Rivaroxabán;;;
Enkia 15 mg filmom obalené tablety;Rivaroxabán;;;
Enkia 15 mg filmom obalené tablety;Rivaroxabán;;;
Enkia 2,5 mg filmom obalené tablety;Rivaroxabán;;;
Enkia 2,5 mg filmom obalené tablety;Rivaroxabán;;;
Enkia 20 mg filmom obalené tablety;Rivaroxabán;;;
Enkia 20 mg filmom obalené tablety;Rivaroxabán;;;
Enstilar 50 mikrogramov/g + 0,5 mg/g;Kalcipotriol, kombinácie;;;
Entecavir FMK 0,5 mg;Entekavir;;;
Entecavir FMK 1 mg;Entekavir;;;
Entocort 2 mg;Budezonid;;;
Entocort 3 mg;Budezonid;;;
Entresto 24 mg/26 mg filmom obalené tablety;Valsartan a sakubitril;;;
Entresto 49 mg/51 mg filmom obalené tablety;Valsartan a sakubitril;;;
Entresto 97 mg/103 mg filmom obalené tablety;Valsartan a sakubitril;;;
Entyvio 108 mg injekčný roztok v naplnenom pere;Vedolizumab;;;
Entyvio 300 mg prášok na prípravu infúzneho koncentrátu;Vedolizumab;;;
Enwylma 120 mg injekčný roztok;Denosumab;;;
Epclusa 400 mg/100 mg filmom obalené tablety;Sofosbuvir a velpatasvir;;;
Epiduo;Adapalén, kombinácie;;;
Epiduo Forte;Adapalén, kombinácie;;;
Epidyolex 100 mg/ml perorálny roztok;Kanabidiol;;;
Epiletam 1000 mg;Levetiracetam;;;
Epiletam 250 mg;Levetiracetam;;;
Epiletam 500 mg;Levetiracetam;;;
Epimedac 2 mg/ml injekčný roztok;Epirubicín;;;
Epimedac 2 mg/ml injekčný roztok;Epirubicín;;;
EpiPen;Epinefrín (Adrenalín);;;
EpiPen;Epinefrín (Adrenalín);;;
EpiPen Jr.;Epinefrín (Adrenalín);;;
Epirubicin Viatris 2 mg/ml;Epirubicín;;;
Epirubicin Viatris 2 mg/ml;Epirubicín;;;
Epivir 150 mg filmom obalené tablety;Lamivudín;;;
Eplerenon Medreg 25 mg;Eplerenón;;;
Eplerenon Medreg 25 mg;Eplerenón;;;
Eplerenon Medreg 50 mg;Eplerenón;;;
Eplerenon Sandoz 25 mg filmom obalené tablety;Eplerenón;;;
Eplerenon Sandoz 25 mg filmom obalené tablety;Eplerenón;;;
Eplerenon Sandoz 50 mg filmom obalené tablety;Eplerenón;;;
Eplerenon STADA 25 mg filmom obalené tablety;Eplerenón;;;
Eplerenon STADA 25 mg filmom obalené tablety;Eplerenón;;;
Eplerenon STADA 50 mg filmom obalené tablety;Eplerenón;;;
Eplerenon STADA 50 mg filmom obalené tablety;Eplerenón;;;
Eplerenon Viatris 25 mg filmom obalené tablety;Eplerenón;;;
Eplerenon Viatris 50 mg filmom obalené tablety;Eplerenón;;;
Eplerenone Teva 25 mg;Eplerenón;;;
Eplerenone Teva 25 mg;Eplerenón;;;
Eplerenone Teva 50 mg;Eplerenón;;;
Eplerenone Teva 50 mg;Eplerenón;;;
Eporatio 10000 IU/1,0 ml injekčný roztok v naplnenej injekčnej striekačke;Erytropoetín;;;
Eporatio 20000 IU/1,0 ml injekčný roztok v naplnenej injekčnej striekačke;Erytropoetín;;;
Eporatio 30000 IU/1,0 ml injekčný roztok v naplnenej injekčnej striekačke;Erytropoetín;;;
Equoral;Cyklosporín;;;
EQUORAL 100 mg;Cyklosporín;;;
EQUORAL 25 mg;Cyklosporín;;;
EQUORAL 50 mg;Cyklosporín;;;
Erbitux 5 mg/ml infúzny roztok;Cetuximab;;;
Erelzi 50 mg injekčný roztok v naplnenej injekčnej striekačke;Etanercept;;;
Erelzi 50 mg injekčný roztok v naplnenom pere;Etanercept;;;
Erivedge 150 mg tvrdé kapsuly;Vizmodegib;;;
Erleada 240 mg filmom obalené tablety;Apalutamid;;;
Erleada 60 mg filmom obalené tablety;Apalutamid;;;
Erlotinib Sandoz 100 mg;Erlotinib;;;
Erlotinib Sandoz 150 mg;Erlotinib;;;
Erlotinib STADA 100 mg;Erlotinib;;;
Erlotinib STADA 150 mg;Erlotinib;;;
Erlotinib Teva B.V. 150 mg;Erlotinib;;;
Erlotinib Vipharm 100 mg;Erlotinib;;;
Erlotinib Vipharm 150 mg;Erlotinib;;;
ERYFLUID;Erytromycín;;;
Escitalopram Accord 10 mg filmom obalené tablety;Escitalopram;;;
Escitalopram Medreg;Escitalopram;;;
Escitalopram Medreg;Escitalopram;;;
Escitalopram Teva 10 mg;Escitalopram;;;
Escitalopram Teva 10 mg;Escitalopram;;;
Escitalopram Teva 10 mg;Escitalopram;;;
Escitalopram Viatris 10 mg;Escitalopram;;;
Escitil 10 mg;Escitalopram;;;
Escitil 15 mg;Escitalopram;;;
Escitil 20 mg;Escitalopram;;;
Eslibon 800 mg tablety;Eslikarbazepín;;;
Esogno 1 mg filmom obalené tablety;Eszopiklón;;;
Esogno 2 mg filmom obalené tablety;Eszopiklón;;;
Esogno 3 mg filmom obalené tablety;Eszopiklón;;;
Esogno 3 mg filmom obalené tablety;Eszopiklón;;;
Esperoct 1000 IU prášok a rozpúšťadlo na injekčný roztok;Koagulačný faktor VIII;;;
Esperoct 1500 IU prášok a rozpúšťadlo na injekčný roztok;Koagulačný faktor VIII;;;
Esperoct 500 IU prášok a rozpúšťadlo na injekčný roztok;Koagulačný faktor VIII;;;
Estrofem 1 mg;Estradiol;;;
Etoposid Sandoz 100 mg;Etopozid;;;
Etoposid Sandoz 200 mg;Etopozid;;;
ETRUZIL;Letrozol;;;
EUPHYLLIN CR N 200;Teofylín;;;
EUPHYLLIN CR N 300;Teofylín;;;
Euthyrox 100 mikrogramov;Levotyroxín, sodná soľ;;;
Euthyrox 112 mikrogramov;Levotyroxín, sodná soľ;;;
Euthyrox 125 mikrogramov;Levotyroxín, sodná soľ;;;
Euthyrox 137 mikrogramov;Levotyroxín, sodná soľ;;;
Euthyrox 150 mikrogramov;Levotyroxín, sodná soľ;;;
Euthyrox 200 mikrogramov;Levotyroxín, sodná soľ;;;
Euthyrox 25 mikrogramov;Levotyroxín, sodná soľ;;;
Euthyrox 50 mikrogramov;Levotyroxín, sodná soľ;;;
Euthyrox 75 mikrogramov;Levotyroxín, sodná soľ;;;
Euthyrox 88 mikrogramov;Levotyroxín, sodná soľ;;;
EVENITY 105 mg injekcný roztok naplnený v injekcnej striekacke;Romosozumab;;;
Everolimus Krka 10 mg;Everolimus;;;
Everolimus Krka 5 mg;Everolimus;;;
Everolimus Pharmagen 10 mg tablety;Everolimus;;;
Everolimus Pharmagen 5 mg tablety;Everolimus;;;
Everolimus Sandoz 10 mg;Everolimus;;;
Everolimus Sandoz 5 mg;Everolimus;;;
EVEROLIMUS STADA 10 mg;Everolimus;;;
EVEROLIMUS STADA 5 mg;Everolimus;;;
Everolimus Vipharm 10 mg tablety;Everolimus;;;
Everolimus Vipharm 5 mg tablety;Everolimus;;;
Evfraxy 60 mg injekčný roztok v naplnenej injekčnej striekačke;Denosumab;;;
Evrenzo 100 mg filmom obalené tablety;Roxadustát;;;
Evrenzo 150 mg filmom obalené tablety;Roxadustát;;;
Evrenzo 20 mg filmom obalené tablety;Roxadustát;;;
Evrenzo 50 mg filmom obalené tablety;Roxadustát;;;
Evrenzo 70 mg filmom obalené tablety;Roxadustát;;;
Evrysdi 0,75 mg/ml prášok na perorálny roztok;Risdiplam;;;
Exelon 13,3 mg/24 h transdermálna náplasť;Rivastigmín;;;
Exelon 4,6 mg/24 h transdermálna náplasť;Rivastigmín;;;
Exelon 9,5 mg/24 h transdermálna náplasť;Rivastigmín;;;
Exemestan Viatris 25 mg;Exemestán;;;
Exemestane Pharmacenter 25 mg filmom obalené tablety;Exemestán;;;
Exferana 180 mg;Deferasirox;;;
Exferana 360 mg;Deferasirox;;;
Eydenzelt 40 mg/ml, injekčný roztok v injekčnej liekovke;Aflibercept;;;
Eydenzelt 40 mg/ml, injekčný roztok v injekčnej liekovke;Aflibercept;;;
Eylea 114,3 mg/ml, injekčný roztok;Aflibercept;;;
Eylea 114,3 mg/ml, injekčný roztok v naplnenej injekčnej striekačke;Aflibercept;;;
Eylea 40 mg/ml, injekčný roztok v naplnenej injekčnej striekačke;Aflibercept;;;
Ezen 10 mg;Ezetimib;;;
Ezen 10 mg;Ezetimib;;;
Ezetimib Stada 10 mg;Ezetimib;;;
Ezetimib Stada 10 mg;Ezetimib;;;
Ezetimib Teva 10 mg;Ezetimib;;;
Ezetimib Teva 10 mg;Ezetimib;;;
Ezetimib/simvastatín Teva B.V. 10 mg/20 mg;Simvastatín a ezetimib;;;
Ezetimib/simvastatín Teva B.V. 10 mg/20 mg;Simvastatín a ezetimib;;;
Ezetimib/simvastatín Teva B.V. 10 mg/40 mg;Simvastatín a ezetimib;;;
Ezetimib/simvastatín Teva B.V. 10 mg/40 mg;Simvastatín a ezetimib;;;
Ezetimibe Sandoz 10 mg;Ezetimib;;;
Ezetimibe Sandoz 10 mg;Ezetimib;;;
"Ezetimibe/Atorvastatin STADA 10 mg/20 mg filmom 
obalené tablety";Atorvastatín a ezetimib;;;
"Ezetimibe/Atorvastatin STADA 10 mg/40 mg filmom 
obalené tablety";Atorvastatín a ezetimib;;;
"Ezetimibe/Atorvastatin STADA 10 mg/80 mg filmom 
obalené tablety";Atorvastatín a ezetimib;;;
EZETROL;Ezetimib;;;
EZETROL;Ezetimib;;;
Ezoleta 10 mg tablety;Ezetimib;;;
Ezoleta 10 mg tablety;Ezetimib;;;
Fabrazyme 35 mg prášok na koncentrát na infúzny roztok;Beta-agalzidáza;;;
FACTOR VII NF Baxalta;Koagulačný faktor VII;;;
Famciclovir - Teva 250 mg;Famciklovir;;;
Famciclovir - Teva 500 mg;Famciklovir;;;
Fanhdi 100 IU/ml;Koagulačný faktor VIII a von Willebrandov faktor v kombinácii;;;
Fanhdi 100 IU/ml;Koagulačný faktor VIII a von Willebrandov faktor v kombinácii;;;
Fanhdi 25 IU/ml;Koagulačný faktor VIII a von Willebrandov faktor v kombinácii;;;
Fanhdi 50 IU/ml;Koagulačný faktor VIII a von Willebrandov faktor v kombinácii;;;
Fasenra 30 mg injekčný roztok naplnený v injekčnej striekačke;Benralizumab;;;
Fasenra 30 mg injekčný roztok naplnený v pere;Benralizumab;;;
Faslodex 250 mg injekčný roztok;Fulvestrant;;;
Febuxostat Sandoz 120 mg;Febuxostát;;;
Febuxostat Sandoz 80 mg;Febuxostát;;;
FEIBA 100 U/ml prášok a rozpúšťadlo na infúzny roztok;Faktor VIII - inhibítor bypassovej aktivity;;;
FEIBA 100 U/ml prášok a rozpúšťadlo na infúzny roztok;Faktor VIII - inhibítor bypassovej aktivity;;;
Felodipin-ratiopharm  10 mg;Felodipín;;;
Felodipin-ratiopharm  5 mg;Felodipín;;;
Fenistil;Dimetindén;;;
Fenofibrate Teva 267 mg;Fenofibrát;;;
Fenofix 200;Fenofibrát;;;
Fenofix 200;Fenofibrát;;;
Fentanyl ratiopharm 100 µg/h;Fentanyl;;;
Fentanyl ratiopharm 12 µg/h;Fentanyl;;;
Fentanyl ratiopharm 25 µg/h;Fentanyl;;;
Fentanyl ratiopharm 50 µg/h;Fentanyl;;;
Fentanyl ratiopharm 75 µg/h;Fentanyl;;;
Fentanyl Sandoz 100 µg/h matrix transdermálna náplasť;Fentanyl;;;
Fentanyl Sandoz 25 µg/h matrix transdermálna náplasť;Fentanyl;;;
Fentanyl Sandoz 50 µg/h matrix transdermálna náplasť;Fentanyl;;;
Fentanyl Sandoz 75 µg/h matrix transdermálna náplasť;Fentanyl;;;
Ferinject;Parenterálne lieky s trojmocným železom;;;
Ferretab comp.;Ferum(II)-fumarát a kyselina listová;;;
Ferretab comp.;Ferum(II)-fumarát a kyselina listová;;;
Ferric carboxymaltose Sandoz 50 mg železa/ml injekčná/infúzna disperzia;Parenterálne lieky s trojmocným železom;;;
Ferric carboxymaltose Teva 50 mg železa/ml injekčná/infúzna disperzia;Parenterálne lieky s trojmocným železom;;;
Fevarin 100;Fluvoxamín;;;
Fevarin 50;Fluvoxamín;;;
Fiasp 100 jednotiek/ml injekčný roztok naplnený v injekčnom pere;Inzulín-aspartát;;;
Fiasp 100 jednotiek/ml injekčný roztok v náplni;Inzulín-aspartát;;;
FIMODIGO 0,5 mg;Fingolimod;;;
FINAMED;Finasterid;;;
Finanorm 5 mg;Finasterid;;;
Finasteride Accord 5 mg filmom obalené tablety;Finasterid;;;
Fingolimod Glenmark 0,5 mg;Fingolimod;;;
Fingolimod Mylan 0,5 mg tvrdé kapsuly;Fingolimod;;;
Fingolimod Reddy 0,5 mg tvrdé kapsuly;Fingolimod;;;
Fingolimod Richter  0,5 mg tvrdé kapsuly;Fingolimod;;;
Fingolimod STADA 0,5 mg tvrdé kapsuly;Fingolimod;;;
Fingolimod Zentiva 0,5 mg;Fingolimod;;;
Finpros 5 mg;Finasterid;;;
Fintepla 2.2 mg/ml perorálny roztok;Fenfluramín;;;
Firazyr 30 mg injekčný roztok v naplnenej injekčnej striekačke;Ikatibant;;;
FIRDAPSE 10 mg tablety;Amifampridín;;;
FIRMAGON 120 mg prášok a rozpúšťadlo na injekčný roztok;Degarelix;;;
FIRMAGON 80 mg prášok a rozpúšťadlo na injekčný roztok;Degarelix;;;
Fixapost 50 mikrogramov/ml + 5 mg/ml očné roztokové kvapky;Timolol, kombinácie;;;
FIXIT 120;Fexofenadín;;;
FIXIT 120;Fexofenadín;;;
FIXIT 180;Fexofenadín;;;
Flazonexar;Flutikazón,kombinácie;;;
Flector Rapid 50 mg;Diklofenak;;;
FLEKAINID SANDOZ 100 mg tablety;Flekainid;;;
FLEKAINID SANDOZ 50 mg tablety;Flekainid;;;
Flixonase Aqueous Nasal Spray;Flutikazón;;;
Flixotide 125 Inhaler N;Flutikazón;;;
Flixotide 250 Inhaler N;Flutikazón;;;
Flixotide 50 Inhaler N;Flutikazón;;;
Flixotide Diskus 250 µg;Flutikazón;;;
Flixotide Diskus 500 µg;Flutikazón;;;
FLONIDAN 10 mg;Loratadín;;;
FLONIDAN 10 mg;Loratadín;;;
FLONIDAN SOLUTAB 10 mg;Loratadín;;;
Fluanxol Depot 20 mg;Flupentixol;;;
Fluco Sandoz 100 mg;Flukonazol;;;
Fluco Sandoz 150 mg;Flukonazol;;;
Fluco Sandoz 150 mg;Flukonazol;;;
Fluco Sandoz 50 mg;Flukonazol;;;
Fludara oral;Fludarabín;;;
Fludarabin Sandoz 25 mg/ ml injekčný alebo infúzny koncentrát;Fludarabín;;;
Fluenz nosová suspenzná aerodisperzia;Očkovacia látka proti chrípke, živá oslabená;;;
Flugalin 50 mg;Flurbiprofén;;;
Flumazenil Pharmaselect 0,1 mg/ ml;Flumazenil;;;
Fluomizin 10 mg vaginálne tablety;Dekalínium;;;
Fluorouracil Accord 50 mg/ml injekčný a infúzny roztok;Fluóruracil;;;
Flutiform 125 mikrogramov/5 mikrogramov;Formoterol a flutikazón;;;
Flutiform 250 mikrogramov/10 mikrogramov;Formoterol a flutikazón;;;
Flutiform 50 mikrogramov/5 mikrogramov;Formoterol a flutikazón;;;
Fokusin;Tamsulosín;;;
FOLINAR 10 mg filmom obalené tablety;Solifenacín;;;
FORMANO;Formoterol;;;
Formoterol Easyhaler;Formoterol;;;
Formoterol-ratiopharm 12 µg;Formoterol;;;
Formovent 12 µg;Formoterol;;;
Fortrans;Kombinácie minerálnych solí;;;
Forxiga 10 mg filmom obalené tablety;Dapagliflozín;;;
Forxiga 10 mg filmom obalené tablety;Dapagliflozín;;;
Fosrenol 500 mg žuvacie tablety;Hydrát uhličitanu lantanitého;;;
Fosrenol 750 mg žuvacie tablety;Hydrát uhličitanu lantanitého;;;
Foster 200/6 mikrogramov/dávka;Formoterol a beklometazón;;;
Foster Nexthaler;Formoterol a beklometazón;;;
Foster Nexthaler 200/6 mikrogramov/dávka;Formoterol a beklometazón;;;
FOXIEMO 10 mg;Metotrexát;;;
FOXIEMO 15 mg;Metotrexát;;;
FOXIEMO 20 mg;Metotrexát;;;
FOXIEMO 25 mg;Metotrexát;;;
FOXIEMO 7,5 mg;Metotrexát;;;
FRAGMIN 10000 IU (anti-Xa)/0,4 ml;Dalteparín;;;
FRAGMIN 12500 IU (anti-Xa)/0,5 ml;Dalteparín;;;
FRAGMIN 15000 IU (anti-Xa)/0,6 ml;Dalteparín;;;
FRAGMIN 18000 IU (anti-Xa)/0,72 ml;Dalteparín;;;
FRAGMIN 2500 IU (anti-Xa)/0,2 ml;Dalteparín;;;
FRAGMIN 5000 IU (anti-Xa)/0,2 ml;Dalteparín;;;
FRAGMIN 7500 IU (anti-Xa)/0,3 ml;Dalteparín;;;
FRAMYKOIN;Iné antibiotiká na lokálne použitie;;;
Fraxiparine 2 850 IU (anti Xa)/0,3 ml;Nadroparín;;;
Fraxiparine 3 800 IU (anti Xa)/0,4 ml;Nadroparín;;;
Fraxiparine 5 700 IU (anti Xa)/0,6 ml;Nadroparín;;;
Fraxiparine 7 600 IU (anti Xa)/0,8 ml;Nadroparín;;;
Fraxiparine 9 500 IU (anti-Xa)/1 ml;Nadroparín;;;
Fraxiparine Forte 11 400 IU (anti-Xa)/0,6 ml;Nadroparín;;;
Fraxiparine Forte 15 200 IU (anti-Xa)/0,8 ml;Nadroparín;;;
Fraxiparine Forte 19 000 IU (anti-Xa)/1 ml;Nadroparín;;;
FROMILID 250;Klaritromycín;;;
FROMILID 500;Klaritromycín;;;
Fromilid uno;Klaritromycín;;;
Fromilid uno;Klaritromycín;;;
Frontin 0,25 mg;Alprazolam;;;
Frontin 0,5 mg;Alprazolam;;;
Frontin 1 mg;Alprazolam;;;
Frovamen;Frovatriptán;;;
Fucicort;Betametazón a antibiotiká;;;
Fucidin H;Hydrokortizón a antibiotiká;;;
FULLHALE 25 mikrogramov/125 mikrogramov/dávka inhalačná suspenzia v tlakovom obale;Salmeterol a flutikazón;;;
FULLHALE 25 mikrogramov/250 mikrogramov/dávka inhalačná suspenzia v tlakovom obale;Salmeterol a flutikazón;;;
Fulphila 6 mg injekčný roztok naplnený v injekčnej striekačke;Pegfilgrastim;;;
Fulvestrant EVER Pharma 250 mg injekčný roztok naplnený v injekčnej striekačke;Fulvestrant;;;
Fulvestrant EVER Pharma 250 mg injekčný roztok naplnený v injekčnej striekačke;Fulvestrant;;;
Fulvestrant EVER Pharma 250 mg injekčný roztok naplnený v injekčnej striekačke;Fulvestrant;;;
Fulvestrant STADA 250 mg;Fulvestrant;;;
Fulvestrant STADA Arzneimittel 250 mg;Fulvestrant;;;
Fulvestrant Teva 250 mg;Fulvestrant;;;
Fulvestrant Vipharm 250 mg;Fulvestrant;;;
FURON 40 mg;Furosemid;;;
FURORESE 250;Furosemid;;;
FURORESE 250;Furosemid;;;
Furosemid FMK 40 mg;Furosemid;;;
Furosemid Medreg;Furosemid;;;
Furosemid-Slovakofarma;Furosemid;;;
Furosemid-Slovakofarma;Furosemid;;;
Furosemid-Slovakofarma forte;Furosemid;;;
Furosemid-Slovakofarma forte;Furosemid;;;
Fycompa 0,5 mg/ml perorálna suspenzia;Perampanel;;;
Fycompa 2 mg filmom obalované tablety;Perampanel;;;
Fycompa 4 mg filmom obalené tablety;Perampanel;;;
Fycompa 4 mg filmom obalené tablety;Perampanel;;;
Fycompa 6 mg filmom obalené tablety;Perampanel;;;
Fycompa 8 mg filmom obalené tablety;Perampanel;;;
Gabagamma 300;Gabapentín;;;
Gabagamma 300;Gabapentín;;;
Gabagamma 400;Gabapentín;;;
Gabagamma 400;Gabapentín;;;
Gabagamma 600 filmom obalené tablety;Gabapentín;;;
Gabagamma 600 filmom obalené tablety;Gabapentín;;;
Gabagamma 800 filmom obalené tablety;Gabapentín;;;
Gabagamma 800 filmom obalené tablety;Gabapentín;;;
Gabapentin Glenmark 100 mg tvrdé kapsuly;Gabapentín;;;
Gabapentin Glenmark 300 mg tvrdé kapsuly;Gabapentín;;;
Gabapentin Glenmark 300 mg tvrdé kapsuly;Gabapentín;;;
Gabapentin Glenmark 400 mg tvrdé kapsuly;Gabapentín;;;
Gabapentin Glenmark 400 mg tvrdé kapsuly;Gabapentín;;;
Gabapentin Glenmark 600 mg filmom obalené tablety;Gabapentín;;;
Gabapentin Glenmark 600 mg filmom obalené tablety;Gabapentín;;;
Gabapentin Teva B.V. 100 mg;Gabapentín;;;
Gabapentin Teva B.V. 300 mg;Gabapentín;;;
Gabapentin Teva B.V. 300 mg;Gabapentín;;;
Gabapentin Teva B.V. 400 mg;Gabapentín;;;
Gabapentin Teva B.V. 400 mg;Gabapentín;;;
Gabapentin Teva Slovakia 600 mg;Gabapentín;;;
Gabapentin Vipharm 300 mg tvrdé kapsuly;Gabapentín;;;
Gabapentin Vipharm 400 mg tvrdé kapsuly;Gabapentín;;;
Gabapentin-Teva 100 mg;Gabapentín;;;
Gabapentin-Teva 300 mg;Gabapentín;;;
Gabapentin-Teva 300 mg;Gabapentín;;;
Gabapentin-Teva 400 mg;Gabapentín;;;
Gabapentin-Teva 400 mg;Gabapentín;;;
Gadovist 1,0 mmol/ ml;Gadobutrol;;;
Gadovist 1,0 mmol/ml injekčný roztok;Gadobutrol;;;
Galafold 123 mg tvrdé kapsuly;Migalastát;;;
Galantamin Viatris 16 mg;Galantamín;;;
Galsya SR 16 mg;Galantamín;;;
Galsya SR 8 mg;Galantamín;;;
Gamunex;Normálne ľudské imunoglobulíny na intravenózne použitie;;;
Gamunex;Normálne ľudské imunoglobulíny na intravenózne použitie;;;
Gamunex;Normálne ľudské imunoglobulíny na intravenózne použitie;;;
Gamunex;Normálne ľudské imunoglobulíny na intravenózne použitie;;;
Gamunex;Normálne ľudské imunoglobulíny na intravenózne použitie;;;
Ganaton;Itoprid;;;
Ganaton;Itoprid;;;
GANFORT 0,3 mg/ml + 5 mg/ml očná roztoková instilácia;Timolol, kombinácie;;;
GANFORT 0,3 mg/ml + 5 mg/ml očná roztoková instilácia;Timolol, kombinácie;;;
Gardasil 9 injekčná suspenzia v naplnenej injekčnej striekačke;Očkovacia látka proti papilomavírusu (ľudské typy 6, 11, 16, 18, 31, 33, 45, 52, 58);;;
Gaxenim 0,5 mg;Fingolimod;;;
Gazyvaro 1 000 mg infúzny koncentrát;Obinutuzumab;;;
GECROL 1 mg;Takrolimus;;;
GELARGIN;Fluocinolónacetonid;;;
Gemcitabine Accord 100 mg/ml infúzny koncentrát;Gemcitabín;;;
Gemcitabine Accord 100 mg/ml infúzny koncentrát;Gemcitabín;;;
Gemcitabine Kabi 38 mg/ml infúzny koncentrát;Gemcitabín;;;
Gemcitabine Kabi 38 mg/ml infúzny koncentrát;Gemcitabín;;;
Gemliquid 40 mg/ml;Gemcitabín;;;
Gemliquid 40 mg/ml;Gemcitabín;;;
GENOTROPIN 12 mg;Somatropín;;;
GENOTROPIN 5,3 mg;Somatropín;;;
Gentamicin Sandoz 80 mg/2 ml injekčný roztok;Gentamicín;;;
Genvoya 150 mg/150 mg/200 mg/10 mg filmom obalené tablety;Emtricitabín, tenofovir alafenamid, elvitegravir a kobicistát;;;
Gerodorm;Cinolazepam;;;
Geroprostan 0,4 mg;Tamsulosín;;;
Gerousia 150 mg;Kyselina ibandrónová;;;
GILENYA 0,5 mg tvrdé kapsuly;Fingolimod;;;
Giona Easyhaler 100;Budezonid;;;
Giona Easyhaler 200;Budezonid;;;
Giona Easyhaler 400;Budezonid;;;
GIOTRIF 20 mg filmom obalené tablety;Afatinib;;;
GIOTRIF 30 mg filmom obalené tablety;Afatinib;;;
GIOTRIF 40 mg filmom obalené tablety;Afatinib;;;
Glepark 0,18 mg;Pramipexol;;;
Glepark 0,7 mg;Pramipexol;;;
Glezisim 10 mg/20 mg tablety;Simvastatín a ezetimib;;;
Glibomet;Metformín a sulfónamidy;;;
Gliclada 30 mg;Gliklazid;;;
Gliclada 30 mg;Gliklazid;;;
Gliclada 60 mg;Gliklazid;;;
Gliclada 60 mg;Gliklazid;;;
Gliclada 90 mg;Gliklazid;;;
Gliclazide Medreg 30 mg;Gliklazid;;;
Gliclazide Medreg 60 mg;Gliklazid;;;
Gliclazide Medreg 60 mg;Gliklazid;;;
Gliclazide MR Stada;Gliklazid;;;
Gliclazide MR Stada;Gliklazid;;;
Glimepirid Sandoz 2 mg;Glimepirid;;;
Glimepirid Sandoz 3 mg;Glimepirid;;;
Glimepirid Sandoz 4 mg;Glimepirid;;;
GlucaGen HypoKit 1 mg;Glukagón;;;
Glucophage 1000 mg;Metformín;;;
Glucophage 1000 mg;Metformín;;;
Glucophage 500 mg filmom obalené tablety;Metformín;;;
Glucophage 850 mg filmom obalené tablety;Metformín;;;
GLUCOPHAGE XR;Metformín;;;
GLUCOPHAGE XR 1000 mg;Metformín;;;
GLUCOPHAGE XR 750 mg;Metformín;;;
GLURENORM;Glichidón;;;
GONAL f 900 IU/1,44 ml, injekčný roztok v naplnenom pere;Folitropín-alfa;;;
GONAL-f 450 IU/0,72 ml, injekčný roztok v naplnenom pere;Folitropín-alfa;;;
Gopten 0,5 mg;Trandolapril;;;
Gopten 2 mg;Trandolapril;;;
Gopten 2 mg;Trandolapril;;;
Gopten 4 mg;Trandolapril;;;
Gopten 4 mg;Trandolapril;;;
GRANAL;Alfakalcidol;;;
GRANAL;Alfakalcidol;;;
Granegis 1 mg;Granisetrón;;;
Granegis 2 mg;Granisetrón;;;
Granisetron Kabi 1 mg/ml, injekčný roztok;Granisetrón;;;
Grasustek 6 mg injekčný roztok naplnený v injekčnej striekačke;Pegfilgrastim;;;
GRAZAX;Trávové pele;;;
Gribero 110 mg tvrdé kapsuly;Dabigatránetexilát;;;
Gribero 110 mg tvrdé kapsuly;Dabigatránetexilát;;;
Gribero 150 mg tvrdé kapsuly;Dabigatránetexilát;;;
Gribero 150 mg tvrdé kapsuly;Dabigatránetexilát;;;
Grimodin 300 mg tvrdé kapsuly;Gabapentín;;;
Grimodin 300 mg tvrdé kapsuly;Gabapentín;;;
Grimodin 400 mg tvrdé kapsuly;Gabapentín;;;
Grimodin 400 mg tvrdé kapsuly;Gabapentín;;;
Grimodin 600 mg filmom obalené tablety;Gabapentín;;;
Grimodin 600 mg filmom obalené tablety;Gabapentín;;;
GUAJACURAN 5 %;Guajfenezín;;;
GYNAZOL 2 % vaginálny krém;Butokonazol;;;
Gyno-Pevaryl 150 vaginálne guľôčky;Ekonazol;;;
Gyno-Pevaryl 50 vaginálne guľôčky;Ekonazol;;;
Gynoflor;Laktobacilový ferment;;;
Gynoflor;Laktobacilový ferment;;;
Haemate P 1000 IU FVIII:C/2400 IU VWF:Rco;Koagulačný faktor VIII a von Willebrandov faktor v kombinácii;;;
Haemate P 500 IU FVIII:C/1200 IU VWF:Rco;Koagulačný faktor VIII a von Willebrandov faktor v kombinácii;;;
HALAVEN 0,44 mg/ml injekčný roztok;Eribulín;;;
Haloperidol-Richter;Haloperidol;;;
Haloperidol-Richter;Haloperidol;;;
Haloperidol-Richter 1,5 mg;Haloperidol;;;
Harvoni 90 mg/400 mg filmom obalené tablety;Sofosbuvir a ledipasvir;;;
HAVRIX 1440 Dosis adulta;Očkovacia látka proti hepatitíde A, inaktivovaná, neporušený vírus;;;
HAVRIX 720 Junior monodose;Očkovacia látka proti hepatitíde A, inaktivovaná, neporušený vírus;;;
Hedonin XR 200 mg tablety s predĺženým uvoľňovaním;Kvetiapín;;;
Hedonin XR 300 mg tablety s predĺženým uvoľňovaním;Kvetiapín;;;
Helex 0,25 mg;Alprazolam;;;
Helex 0,5 mg;Alprazolam;;;
Helex 1 mg;Alprazolam;;;
Helex SR 0,5 mg;Alprazolam;;;
Helex SR 1 mg;Alprazolam;;;
Helex SR 2 mg;Alprazolam;;;
Helicid 10;Omeprazol;;;
Helicid 20;Omeprazol;;;
Helicid 20;Omeprazol;;;
Helicid 40;Omeprazol;;;
Helicobacter Test INFAI 75 mg prášok na perorálny roztok;Iné diagnostiká;;;
Helicobacter Test INFAI pre deti vo veku 3-11 rokov, 45 mg prášok na perorálny roztok;Iné diagnostiká;;;
HEMANGIOL 3,75 mg/ml perorálny roztok;Propranolol;;;
Hemlibra 150 mg/ml injekčný roztok;Emicizumab;;;
Hemlibra 150 mg/ml injekčný roztok;Emicizumab;;;
Hemlibra 30 mg/ml injekčný roztok;Emicizumab;;;
HEPARIN LÉČIVA;Heparín;;;
Herceptin 600 mg injekčný roztok v liekovke;Trastuzumab;;;
HERPESIN 200;Aciklovir;;;
HERPESIN 400;Aciklovir;;;
Herwenda 150 mg prášok na koncentrát na infúzny roztok;Trastuzumab;;;
Herzuma 150 mg prášok na infúzny koncentrát;Trastuzumab;;;
Hexacima injekčná suspenzia naplnená v injekčnej striekačke;Očkovacia látka proti záškrtu-hemofilu typu b-čiernemu kašľu-poliomyelitíde- tetanu- hepatitíde B;;;
Hexyon injekčná suspenzia naplnená v injekčnej striekačke;Očkovacia látka proti záškrtu-hemofilu typu b-čiernemu kašľu-poliomyelitíde- tetanu- hepatitíde B;;;
Holoxan 1000 mg prášok na infúzny roztok;Ifosfamid;;;
Holoxan 2000 mg prášok na infúzny roztok;Ifosfamid;;;
Hukyndra 40 mg injekčný roztok v naplnenom pere;Adalimumab;;;
Hukyndra 40 mg injekčný roztok v naplnenom pere;Adalimumab;;;
Hukyndra 80 mg injekčný roztok v naplnenom pere;Adalimumab;;;
Hulio 40 mg injekčný roztok v naplnenom pere;Adalimumab;;;
Humalog 100 jednotiek/ml Junior KwikPen injekčný roztok v naplnenom pere;Inzulín-lispro;;;
Humalog 100 U/ml Kwik Pen, injekčný roztok;Inzulín-lispro;;;
Humalog 100 U/ml, injekčný roztok v injekčnej liekovke;Inzulín-lispro;;;
Humalog 100 U/ml, injekčný roztok v náplni;Inzulín-lispro;;;
Humalog 200 jednotiek/ml, injekčný roztok naplnený v injekčnom pere;Inzulín-lispro;;;
Humalog Mix 25 100 U/ml KwikPen, injekčná suspenzia;Inzulín-lispro;;;
Humalog Mix 50 100 U/ml KwikPen, injekčná suspenzia;Inzulín-lispro;;;
Human Albumin 200 g/l BAXALTA;Albumín;;;
Humira 20 mg injekčný roztok v naplnenej injekčnej striekačke;Adalimumab;;;
Humira 40 mg injekčný roztok v naplnenej injekčnej striekačke;Adalimumab;;;
Humira 40 mg injekčný roztok v naplnenom pere;Adalimumab;;;
Humira 40 mg injekčný roztok v naplnenom pere;Adalimumab;;;
Humira 80 mg injekčný roztok v naplnenej injekčnej striekačke;Adalimumab;;;
Humira 80 mg injekčný roztok v naplnenom pere;Adalimumab;;;
Humulin M3 (30/70) Cartridge;Ľudský inzulín;;;
Humulin N (NPH) Cartridge;Ľudský inzulín;;;
Humulin R Cartridge;Ľudský inzulín;;;
Hyalgan 20 mg/2 ml;Kyselina hyalurónová;;;
Hydrocortison VUAB 100 mg;Hydrokortizón;;;
HYDROCORTISONE MEDOCHEMIE 100 mg;Hydrokortizón;;;
HYDROCHLOROTHIAZID LÉČIVA;Hydrochlorotiazid;;;
HYPNOGEN;Zolpidem;;;
HyQvia 100 mg/ml infúzny roztok na subkutánne použitie;Normálne ľudské imunoglobulíny na extravenózne použitie;;;
HyQvia 100 mg/ml infúzny roztok na subkutánne použitie;Normálne ľudské imunoglobulíny na extravenózne použitie;;;
HyQvia 100 mg/ml infúzny roztok na subkutánne použitie;Normálne ľudské imunoglobulíny na extravenózne použitie;;;
HyQvia 100 mg/ml infúzny roztok na subkutánne použitie;Normálne ľudské imunoglobulíny na extravenózne použitie;;;
HyQvia 100 mg/ml infúzny roztok na subkutánne použitie;Normálne ľudské imunoglobulíny na extravenózne použitie;;;
Hyrimoz 40 mg injekčný roztok v naplnenej injekčnej striekačke;Adalimumab;;;
Hyrimoz 40 mg injekčný roztok v naplnenej injekčnej striekačke;Adalimumab;;;
Hyrimoz 40 mg injekčný roztok v naplnenom pere;Adalimumab;;;
Hyrimoz 40 mg injekčný roztok v naplnenom pere;Adalimumab;;;
Hyrimoz 80 mg injekčný roztok v naplnenom pere;Adalimumab;;;
Chantico 0,5 mg tvrdé kapsuly;Fingolimod;;;
CHLORPROTHIXEN 15 LÉČIVA;Chlórprotixén;;;
CHLORPROTHIXEN 50 LÉČIVA;Chlórprotixén;;;
Cholib 145 mg/20 mg filmom obalené tablety;Simvastatín a fenofibrát;;;
Cholib 145 mg/20 mg filmom obalené tablety;Simvastatín a fenofibrát;;;
Cholib 145 mg/40 mg filmom obalené tablety;Simvastatín a fenofibrát;;;
Ialugen Plus;Sulfadiazín, strieborná soľ, kombinácie;;;
Ialugen Plus;Sulfadiazín, strieborná soľ, kombinácie;;;
Iasibon 50 mg filmom obalené tablety;Kyselina ibandrónová;;;
Iasibon 6 mg infúzny koncentrát;Kyselina ibandrónová;;;
Ibandronic acid STADA;Kyselina ibandrónová;;;
Ibandronic acid STADA 3 mg;Kyselina ibandrónová;;;
Ibandronic Acid Viatris 150 mg;Kyselina ibandrónová;;;
Ibandronic Acid Viatris 150 mg;Kyselina ibandrónová;;;
IBRANCE 100 mg filmom obalené tablety;Palbociklib;;;
IBRANCE 125 mg filmom obalené tablety;Palbociklib;;;
IBRANCE 75 mg filmom obalené tablety;Palbociklib;;;
IBUSTRIN 200 mg;Indobufén;;;
Icatibant Zentiva;Ikatibant;;;
Iclusig 15 mg filmom obalené tablety;Ponatinib;;;
Iclusig 45 mg filmom obalené tablety;Ponatinib;;;
Idacio 40 mg injekčný roztok v naplnenej injekčnej striekačke;Adalimumab;;;
Idacio 40 mg injekčný roztok v naplnenom pere;Adalimumab;;;
IDELVION 1000 IU prášok a rozpúšťadlo na injekčný roztok;Koagulačný faktor IX;;;
IDELVION 2000 IU prášok a rozpúšťadlo na injekčný roztok;Koagulačný faktor IX;;;
IDELVION 250 IU prášok a rozpúšťadlo na injekčný roztok;Koagulačný faktor IX;;;
IDELVION 500 IU prášok a rozpúšťadlo na injekčný roztok;Koagulačný faktor IX;;;
Ifirmacombi 300 mg/12,5 mg filmom obalené tablety;Irbesartan a diuretiká;;;
Ifirmasta 150 mg filmom obalené tablety;Irbesartan;;;
Ifirmasta 300 mg filmom obalené tablety;Irbesartan;;;
Igamad 1500 IU;Ľudský imunoglobulín anti-D (Rh);;;
Igantet 250 IU;Ľudský imunoglobulín proti tetanu;;;
IKERVIS 1 mg/ml očné emulzné kvapky;Cyklosporín;;;
Ilaris 150 mg/ml injekčný roztok;Kanakinumab;;;
Ilumetri 100 mg injekčný roztok naplnený v injekčnej striekačke;Tildrakizumab;;;
Ilumetri 200 mg injekčný roztok naplnený v injekčnej striekačke;Tildrakizumab;;;
IMACORT;Imidazolové a triazolové deriváty, kombinácie;;;
Imasup 25 mg;Azatioprín;;;
Imasup 50 mg;Azatioprín;;;
Imatinib Glenmark 400 mg filmom obalené tablety;Imatinib;;;
Imatinib Sandoz 100 mg;Imatinib;;;
Imatinib Sandoz 400 mg;Imatinib;;;
Imatinib STADA 100 mg filmom obalené tablety;Imatinib;;;
Imatinib STADA 400 mg filmom obalené tablety;Imatinib;;;
Imatinib Teva 100 mg filmom obalené tablety;Imatinib;;;
Imatinib Teva 400 mg filmom obalené tablety;Imatinib;;;
IMBRUVICA 140 mg filmom obalené tablety;Ibrutinib;;;
IMBRUVICA 280 mg filmom obalené tablety;Ibrutinib;;;
IMBRUVICA 420 mg filmom obalené tablety;Ibrutinib;;;
IMBRUVICA 560 mg filmom obalené tablety;Ibrutinib;;;
IMFINZI 50 mg/ml koncentrát na infúzny roztok;Durvalumab;;;
IMFINZI 50 mg/ml koncentrát na infúzny roztok;Durvalumab;;;
Imigran;Sumatriptán;;;
Immunate 1000 IU FVIII/750 IU VWF;Koagulačný faktor VIII a von Willebrandov faktor v kombinácii;;;
Immunate 250 IU FVIII/190 IU VWF;Koagulačný faktor VIII a von Willebrandov faktor v kombinácii;;;
Immunate 500 IU FVIII/375 IU VWF;Koagulačný faktor VIII a von Willebrandov faktor v kombinácii;;;
IMMUNINE 1200 IU;Koagulačný faktor IX;;;
IMMUNINE 600 IU;Koagulačný faktor IX;;;
Immunoprin 100 mg;Azatioprín;;;
Imnovid 4 mg tvrdé kapsuly;Pomalidomid;;;
IMOVAX D.T. ADULT;Tetanový toxoid, kombinácie s diftériovým toxoidom;;;
IMULDOSA 130 mg koncentrát na infúzny roztok;Ustekinumab;;;
IMULDOSA 45 mg injekčný roztok naplnený v injekčnej striekačke;Ustekinumab;;;
IMULDOSA 90 mg injekčný roztok naplnený v injekčnej striekačke;Ustekinumab;;;
IMUNOR;Iné imunostimulanciá (zmena WHO);;;
Imuran 50 mg;Azatioprín;;;
Incresync 25 mg/30 mg filmom obalené tablety;Pioglitazón a alogliptín;;;
Incruse Ellipta 55 mikrogramov dávkovaný inhalačný prášok;Umeklidíniumbromid;;;
INDAP;Indapamid;;;
INDAP;Indapamid;;;
Indapamid ratiopharm 1,5 mg;Indapamid;;;
Indapamid STADA 1,5 mg;Indapamid;;;
Indapamid STADA 1,5 mg;Indapamid;;;
Indometacin 100 Berlin-Chemie;Indometacín, kombinácie;;;
Indometacin 100 Galvex;Indometacín, kombinácie;;;
Indometacin 50 Berlin-Chemie;Indometacín, kombinácie;;;
INEGY 10 mg/20 mg tablety;Simvastatín a ezetimib;;;
INEGY 10 mg/40 mg tablety;Simvastatín a ezetimib;;;
Infalin duo 3 mg/ml + 0,25 mg/ml ušná roztoková instilácia;Fluocinolónacetonid a antiinfektíva;;;
Infanrix hexa, prášok a suspenzia na injekčnú suspenziu;Očkovacia látka proti záškrtu-hemofilu typu b-čiernemu kašľu-poliomyelitíde- tetanu- hepatitíde B;;;
Infanrix Polio;Očkovacia látka proti záškrtu-čiernemu kašľu-poliomyelitíde-tetanu;;;
Infectoscab 5 % krém;Permetrín;;;
Influvac;Očkovacia látka proti chrípke, inaktivovaná, štiepený vírus alebo povrchový antigén;;;
Influvac Tetra;Očkovacia látka proti chrípke, inaktivovaná, štiepený vírus alebo povrchový antigén;;;
Inhixa 10 000 IU (100 mg)/1 ml injekčný roztok v naplnenej injekčnej striekačke;Enoxaparín;;;
Inhixa 2 000 IU (20 mg)/0,2 ml injekčný roztok v naplnenej injekčnej striekačke;Enoxaparín;;;
Inhixa 4000 IU (40mg/ml)/ 0,4ml injekčný roztok v naplnenej injekčnej striekačke;Enoxaparín;;;
Inhixa 6000 IU (60mg/ml)/ 0,6ml injekčný roztok v naplnenej injekčnej striekačke;Enoxaparín;;;
Inhixa 8 000 IU (80 mg/ml)/0,8 ml injekčný roztok v naplnenej injekčnej striekačke;Enoxaparín;;;
INOMED 50 mg/ml sirup;Inozínpranobex;;;
INOMED 500 mg tablety;Inozínpranobex;;;
INOMED 500 mg tablety;Inozínpranobex;;;
Inovelon 200 mg filmom obalené tablety;Rufinamid;;;
Inovelon 400 mg filmom obalené tablety;Rufinamid;;;
INSPRA 25 mg filmom obalené tablety;Eplerenón;;;
INSPRA 50 mg filmom obalené tablety;Eplerenón;;;
Insulatard Penfill 100 medzinárodných jednotiek/ml injekčná suspenzia v náplni;Ľudský inzulín;;;
Invega;Paliperidón;;;
Invega;Paliperidón;;;
Invokana 100 mg filmom obalené tablety;Kanagliflozín;;;
Invokana 100 mg filmom obalené tablety;Kanagliflozín;;;
Invokana 300 mg filmom obalené tablety;Kanagliflozín;;;
Invokana 300 mg filmom obalené tablety;Kanagliflozín;;;
IOMERON 350;Jomeprol;;;
IOMERON 350;Jomeprol;;;
IOMERON 400;Jomeprol;;;
IOMERON 400;Jomeprol;;;
IOMERON 400;Jomeprol;;;
IOMERON 400;Jomeprol;;;
Irbesartan Hydrochlorothiazide Zentiva 300 mg/12,5 mg filmom obalené tablety;Irbesartan a diuretiká;;;
Irbesartan Hydrochlorothiazide Zentiva 300 mg/12,5 mg filmom obalené tablety;Irbesartan a diuretiká;;;
Irbesartan Hydrochlorothiazide Zentiva 300 mg/25 mg filmom obalené tablety;Irbesartan a diuretiká;;;
Irbesartan Teva 150 mg filmom obalené tablety;Irbesartan;;;
Irbesartan Teva 150 mg filmom obalené tablety;Irbesartan;;;
Irbesartan Teva 300 mg filmom obalené tablety;Irbesartan;;;
Irbesartan Teva 300 mg filmom obalené tablety;Irbesartan;;;
Irbesartan Zentiva 150 mg filmom obalené tablety;Irbesartan;;;
Irbesartan Zentiva 300 mg filmom obalené tablety;Irbesartan;;;
Irbesartan Zentiva 300 mg filmom obalené tablety;Irbesartan;;;
Irbesartan/Hydrochlorothiazid Teva 300 mg/12,5 mg filmom obalené tablety;Irbesartan a diuretiká;;;
Irbesartan/Hydrochlorothiazid Teva 300 mg/25 mg filmom obalené tablety;Irbesartan a diuretiká;;;
IRESSA 250 mg filmom obalené tablety;Gefitinib;;;
Irinotecan Accord  20 mg/ml koncentrát na infúzny roztok;Irinotekán;;;
Irinotecan Accord  20 mg/ml koncentrát na infúzny roztok;Irinotekán;;;
Irinotecan Viatris 20 mg/ ml;Irinotekán;;;
Irinotecan Viatris 20 mg/ ml;Irinotekán;;;
IRUMED 10 mg;Lizinopril;;;
IRUMED 20 mg;Lizinopril;;;
IRUZID 10 mg/12,5 mg;Lizinopril a diuretiká;;;
IRUZID 20 mg/12,5 mg;Lizinopril a diuretiká;;;
IRUZID 20 mg/25 mg;Lizinopril a diuretiká;;;
ISENTRESS 400 mg filmom obalené tablety;Raltegravir;;;
ISENTRESS 600 mg filmom obalené tablety;Raltegravir;;;
isicom 100 mg/25 mg;Levodopa a inhibítory dekarboxylázy;;;
isicom 250 mg/25 mg;Levodopa a inhibítory dekarboxylázy;;;
ISOPRINOSINE 1000 mg granulát na perorálny roztok vo vrecku;Inozínpranobex;;;
Isoprinosine 50 mg/ml sirup;Inozínpranobex;;;
Isoprinosine 500 mg tablety;Inozínpranobex;;;
Isoprinosine 500 mg tablety;Inozínpranobex;;;
Isoptin 40 mg;Verapamil;;;
Isoptin 80 mg;Verapamil;;;
Isoptin ICHS retard;Verapamil;;;
Isoptin SR 240 mg;Verapamil;;;
Isotiorga 20 mg mäkké kapsuly;Izotretinoín;;;
Isotretinoin Actavis 10 mg;Izotretinoín;;;
Isotretinoin Actavis 20 mg;Izotretinoín;;;
Isturisa 1 mg filmom obalené tablety;Osilodrostat;;;
Isturisa 10 mg filmom obalené tablety;Osilodrostat;;;
Isturisa 5 mg filmom obalené tablety;Osilodrostat;;;
Itoprid FMK 50 mg;Itoprid;;;
Itoprid FMK 50 mg;Itoprid;;;
Itoprid PMCS 50 mg;Itoprid;;;
Itoprid PMCS 50 mg;Itoprid;;;
ITULAZAX;Stromové pele;;;
ITULAZAX;Stromové pele;;;
Ivabradín Sandoz 5 mg;Ivabradín;;;
Ivabradín Sandoz 7,5 mg;Ivabradín;;;
Ivabradin STADA 5 mg filmom obalené tablety;Ivabradín;;;
Ivabradin STADA 7,5 mg filmom obalené tablety;Ivabradín;;;
Ivabradín Teva Slovakia 5 mg;Ivabradín;;;
Ivabradine Anpharm 5 mg filmom obalené tablety;Ivabradín;;;
Ivabradine Anpharm 7,5 mg filmom obalené tablety;Ivabradín;;;
Ivabradine Viatris 5 mg filmom obalené tablety;Ivabradín;;;
Ivabradine Viatris 7,5 mg filmom obalené tablety;Ivabradín;;;
Ivabradine Zentiva 5 mg filmom obalené tablety;Ivabradín;;;
Ivabradine Zentiva 7,5 mg mg filmom obalené tablety;Ivabradín;;;
Jakavi 15 mg tablety;Ruxolitinib;;;
Jakavi 20 mg tablety;Ruxolitinib;;;
Jakavi 5 mg tablety;Ruxolitinib;;;
Jamesi 50 mg/1000 mg;Metformín a sitagliptín;;;
Jamesi 50 mg/850 mg;Metformín a sitagliptín;;;
Jamesi 50 mg/850 mg;Metformín a sitagliptín;;;
Jamesi Novum 50 mg/1000 mg;Metformín a sitagliptín;;;
Jamesi Novum 50 mg/1000 mg;Metformín a sitagliptín;;;
Jamesi Novum 50 mg/850 mg;Metformín a sitagliptín;;;
Jamesi Novum 50 mg/850 mg;Metformín a sitagliptín;;;
Jansitin 100 mg filmom obalené tablety;Sitagliptín;;;
Jansitin Duo 50 mg/1 000 mg filmom obalené tablety;Metformín a sitagliptín;;;
Jansitin Duo 50 mg/850 mg filmom obalené tablety;Metformín a sitagliptín;;;
Jardiance 10 mg filmom obalené tablety;Empagliflozín;;;
Jardiance 10 mg filmom obalené tablety;Empagliflozín;;;
Jardiance 25 mg filmom obalené tablety;Empagliflozín;;;
Jardiance 25 mg filmom obalené tablety;Empagliflozín;;;
Javlor 25 mg/ml infúzny koncentrát;Vinflunín;;;
Javlor 25 mg/ml infúzny koncentrát;Vinflunín;;;
Jaxteran 120 mg;Dimetyl-fumarát;;;
Jaxteran 240 mg;Dimetyl-fumarát;;;
Jazeta Novum 100 mg;Sitagliptín;;;
Jazeta Novum 100 mg;Sitagliptín;;;
Jazeta Novum 50 mg;Sitagliptín;;;
Jentadueto 2,5 mg/1000 mg filmom obalené tablety;Metformín a linagliptín;;;
Jentadueto 2,5 mg/850 mg filmom obalené tablety;Metformín a linagliptín;;;
Jext 150 mikrogramov;Epinefrín (Adrenalín);;;
Jext 300 mikrogramov;Epinefrín (Adrenalín);;;
Jomil 6 mg/0,4 mg tablety s riadeným uvoľňovaním;Tamsulozín a solifenacín;;;
Jorveza 0,5 mg orodispergovateľné tablety;Budezonid;;;
Jorveza 1 mg orodispergovateľné tablety;Budezonid;;;
Jubbonti 60 mg injekčný roztok naplnený v injekčnej striekačke;Denosumab;;;
Jubereq 120 mg injekčný roztok;Denosumab;;;
Juluca 50 mg/25 mg filmom obalené tablety;Dolutegravir a rilpivirín;;;
Junod 60 mg injekčný roztok v naplnenej injekčnej striekačke;Denosumab;;;
JUZIMETTE 50 mg/1000 mg filmom obalené tablety;Metformín a sitagliptín;;;
JUZIMETTE 50 mg/1000 mg filmom obalené tablety;Metformín a sitagliptín;;;
JUZINA 100 mg filmom obalené tablety;Sitagliptín;;;
JUZINA 100 mg filmom obalené tablety;Sitagliptín;;;
Jyseleca 100 mg filmom obalené tablety;Filgotinib;;;
Jyseleca 200 mg filmom obalené tablety;Filgotinib;;;
Kadcyla 100 mg prášok na infúzny koncentrát;Trastuzumab-emtanzín;;;
Kadcyla 160 mg prášok na infúzny koncentrát;Trastuzumab-emtanzín;;;
Kaftrio 37,5 mg/25 mg/50 mg filmom obalené tablety;Ivakaftor,tezakaftor a elexakaftor;;;
Kaftrio 60 mg/40 mg/80 mg granulát vo vrecku;Ivakaftor,tezakaftor a elexakaftor;;;
Kaftrio 75 mg/50 mg/100 mg filmom obalené tablety;Ivakaftor,tezakaftor a elexakaftor;;;
Kaftrio 75 mg/50 mg/100 mg granulát vo vrecku;Ivakaftor,tezakaftor a elexakaftor;;;
Kalcizen;Vápnik, kombinácie s vitamínom D a/alebo s inými liečivami;;;
Kalcizen Forte;Vápnik, kombinácie s vitamínom D a/alebo s inými liečivami;;;
KALIUM CHLORATUM BIOMEDICA;Chlorid draselný;;;
Kalydeco 150 mg filmom obalené tablety;Ivakaftor;;;
Kalydeco 59,5 mg granulát vo vrecku;Ivakaftor;;;
Kalydeco 75 mg filmom obalené tablety;Ivakaftor;;;
Kalydeco 75 mg granulát vo vrecku;Ivakaftor;;;
KAMIREN XL 4 mg;Doxazosín;;;
KANAVIT;Fytomenadión;;;
KANJINTI 150 mg prášok na infúzny koncentrát;Trastuzumab;;;
Kapidin 10 mg;Lerkanidipín;;;
Kapidin 20 mg;Lerkanidipín;;;
Karbicombi 16 mg/12,5 mg tablety;Kandesartan a diuretiká;;;
Karbicombi 16 mg/12,5 mg tablety;Kandesartan a diuretiká;;;
Karbicombi 32 mg/12,5 mg tablety;Kandesartan a diuretiká;;;
Karbicombi 32 mg/25 mg tablety;Kandesartan a diuretiká;;;
Karbis 16 mg tablety;Kandesartan;;;
Karbis 16 mg tablety;Kandesartan;;;
Karbis 32 mg tablety;Kandesartan;;;
Karbis 8 mg tablety;Kandesartan;;;
Kentera 3,9 mg/24 hodín, transdermálna náplasť;Oxybutynín;;;
Kentera 3,9 mg/24 hodín, transdermálna náplasť;Oxybutynín;;;
Keppra 100 mg/ml perorálny roztok;Levetiracetam;;;
Keppra 100 mg/ml perorálny roztok;Levetiracetam;;;
Kerendia 10 mg filmom obalené tablety;Finerenón;;;
Kerendia 20 mg filmom obalené tablety;Finerenón;;;
Kesimpta 20 mg injekčný roztok naplnený v injekčnom pere;Ofatumumab;;;
Ketoconazole Esteve 200 mg tablety;Ketokonazol;;;
Ketonal 100 mg/2 ml;Ketoprofén;;;
Ketonal 100 mg/2 ml;Ketoprofén;;;
Ketonal 50 mg;Ketoprofén;;;
Ketonal DUO 150 mg;Ketoprofén;;;
Ketonal forte 100 mg;Ketoprofén;;;
Ketonal forte 100 mg;Ketoprofén;;;
Ketosteril;Aminokyseliny, vrátane kombinácií s polypeptidmi;;;
Kevzara 150 mg injekčný roztok naplnený v injekčnom pere;Sarilumab;;;
Kevzara 200 mg injekčný roztok naplnený v injekčnom pere;Sarilumab;;;
KEYTRUDA 25 mg/ml koncentrát na infúzny roztok;Pembrolizumab;;;
KIMMTRAK 100 mikrogramov/0,5 ml koncentrát na infúzny roztok;tebentafusp;;;
Kineret 100 mg/0,67 ml injekčný roztok v naplnenej injekčnej striekačke;Anakinra;;;
Kinito;Itoprid;;;
Kinito;Itoprid;;;
KIOVIG 100 mg/ml infúzny intravenózny roztok;Normálne ľudské imunoglobulíny na intravenózne použitie;;;
KIOVIG 100 mg/ml infúzny intravenózny roztok;Normálne ľudské imunoglobulíny na intravenózne použitie;;;
KIOVIG 100 mg/ml infúzny intravenózny roztok;Normálne ľudské imunoglobulíny na intravenózne použitie;;;
KIOVIG 100 mg/ml infúzny intravenózny roztok;Normálne ľudské imunoglobulíny na intravenózne použitie;;;
KIOVIG 100 mg/ml infúzny intravenózny roztok;Normálne ľudské imunoglobulíny na intravenózne použitie;;;
Kisqali 200 mg filmom obalené tablety;Ribociklib;;;
Kisqali 200 mg filmom obalené tablety;Ribociklib;;;
KLABAX 500 mg;Klaritromycín;;;
KLACID 250 mg/5 ml;Klaritromycín;;;
KLACID 250 mg/5 ml;Klaritromycín;;;
KLACID 500 mg filmom obalené tablety;Klaritromycín;;;
KLACID SR;Klaritromycín;;;
KLERIMED 250 mg;Klaritromycín;;;
KLERIMED 500 mg;Klaritromycín;;;
Klertis 12,5 mg;Sunitinib;;;
Klertis 25 mg;Sunitinib;;;
Klertis 50 mg;Sunitinib;;;
KLIMICIN 150 mg/ml;Klindamycín;;;
KOGAVANT 90 mg filmom obalené tablety;Tikagrelor;;;
Kombi-Kalz 1000/880;Vápnik, kombinácie s vitamínom D a/alebo s inými liečivami;;;
Kombi-Kalz 500 mg/800 IU filmom obalené tablety;Vápnik, kombinácie s vitamínom D a/alebo s inými liečivami;;;
Kombi-Kalz 500 mg/800 IU žuvacie tablety;Vápnik, kombinácie s vitamínom D a/alebo s inými liečivami;;;
Kornam 10 mg;Terazozín;;;
Kornam 5 mg;Terazozín;;;
Koselugo 10 mg tvrdé kapsuly;Selumetinib;;;
Koselugo 25 mg tvrdé kapsuly;Selumetinib;;;
Kreon 10 000;Multienzýmy (lipáza, proteáza a ďalšie);;;
Kreon 25 000;Multienzýmy (lipáza, proteáza a ďalšie);;;
Krufton 150 mg tvrdé kapsuly;Nilotinib;;;
Krufton 200 mg tvrdé kapsuly;Nilotinib;;;
Kuvan 100 mg rozpustné tablety;Sapropterín;;;
Kventiax 100 mg;Kvetiapín;;;
Kventiax 100 mg;Kvetiapín;;;
Kventiax 200 mg;Kvetiapín;;;
Kventiax 25 mg;Kvetiapín;;;
Kventiax 300 mg;Kvetiapín;;;
Kventiax SR 200 mg tablety s predĺženým uvoľňovaním;Kvetiapín;;;
Kventiax SR 300 mg tablety s predĺženým uvoľňovaním;Kvetiapín;;;
Kymriah;Tizagenlekleucel;;;
Kyntheum 210 mg injekčný roztok naplnený v injekčnej striekačke;Brodalumab;;;
Kyprolis 10 mg prášok na infúzny roztok;Karfilzomib;;;
Kyprolis 30 mg prášok na infúzny roztok;Karfilzomib;;;
Kyselina ibandrónová Sandoz 150 mg filmom obalené tablety;Kyselina ibandrónová;;;
Kyselina ibandrónová Teva 150 mg filmom obalené tablety;Kyselina ibandrónová;;;
Kyselina ibandrónová Teva 150 mg filmom obalené tablety;Kyselina ibandrónová;;;
Kyselina zoledrónová Sandoz 4 mg/100 ml infúzny roztok;Kyselina zoledrónová;;;
Kyselina zoledrónová Sandoz 4 mg/5 ml infúzny koncentrát;Kyselina zoledrónová;;;
Kyselina zoledrónová STADA 5 mg/100 ml infúzny roztok;Kyselina zoledrónová;;;
L-Thyroxin 100 Berlin-Chemie;Levotyroxín, sodná soľ;;;
L-Thyroxin 125 Berlin-Chemie;Levotyroxín, sodná soľ;;;
L-Thyroxin 150 Berlin-Chemie;Levotyroxín, sodná soľ;;;
L-Thyroxin 50 Berlin-Chemie;Levotyroxín, sodná soľ;;;
L-Thyroxin 75 Berlin-Chemie;Levotyroxín, sodná soľ;;;
Lacipil 4 mg;Lacidipín;;;
Lacipil 6 mg;Lacidipín;;;
Lacosamide Accord 100 mg filmom obalené tablety;Lakosamid;;;
Lacosamide Accord 150 mg filmom obalené tablety;Lakosamid;;;
Lacosamide Accord 200 mg filmom obalené tablety;Lakosamid;;;
LACRAT 90 mg filmom obalené tablety;Tikagrelor;;;
LADYBON;Tibolón;;;
LADYBON;Tibolón;;;
LAEVOLAC;Laktulóza;;;
LAGOSA;Silymarín;;;
LAGOSA;Silymarín;;;
Lamegom 25 mg filmom obalené tablety;Agomelatín;;;
Lamegom 25 mg filmom obalené tablety;Agomelatín;;;
Lamictal 100 mg žuvacie/dispergovateľné tablety;Lamotrigín;;;
Lamictal 25 mg tablety;Lamotrigín;;;
Lamictal 50 mg tablety;Lamotrigín;;;
Lamotrigin Actavis 100 mg;Lamotrigín;;;
Lamotrigin Actavis 100 mg;Lamotrigín;;;
Lamotrigin Actavis 25 mg;Lamotrigín;;;
Lamotrigin Actavis 50 mg;Lamotrigín;;;
Lamotrigine Neuraxpharm 100 mg tablety;Lamotrigín;;;
Lamotrigine Neuraxpharm 50 mg tablety;Lamotrigín;;;
Lamzede 10 mg prášok na infúzny roztok;Velmanáza alfa;;;
Lamzede 10 mg prášok na infúzny roztok;Velmanáza alfa;;;
LANTUS;Inzulín-glargin;;;
LANZUL;Lanzoprazol;;;
Latanoprost Olikla 50 mikrogramov/ml očné roztokové kvapky;Latanoprost;;;
Latanoprost Olikla 50 mikrogramov/ml očné roztokové kvapky;Latanoprost;;;
Latanoprost/timolol Olikla 0,05 mg/ml + 5 mg/ml očné roztokové kvapky;Timolol, kombinácie;;;
Latanoprost/timolol Olikla 0,05 mg/ml + 5 mg/ml očné roztokové kvapky;Timolol, kombinácie;;;
Latuda 18,5 mg filmom obalené tablety;Lurazidón;;;
Latuda 37 mg filmom obalené tablety;Lurazidón;;;
Latuda 74 mg filmom obalené tablety;Lurazidón;;;
Lecigon;Levodopa, inhibítor dekarboxylázy a COMT inhibítor;;;
Leflunomide medac 10 mg filmom obalené tablety;Leflunomid;;;
Leflunomide medac 20 mg filmom obalené tablety;Leflunomid;;;
Leflunomide Zentiva 20 mg filmom obalené tablety;Leflunomid;;;
Leflunomide Zentiva 20 mg filmom obalené tablety;Leflunomid;;;
LEKOKLAR 250 mg filmom obalené tablety;Klaritromycín;;;
LEKOKLAR 250 mg/5 ml granulát na perorálnu suspenziu;Klaritromycín;;;
LEKOKLAR 500 mg filmom obalené tablety;Klaritromycín;;;
Lekoklar XL 500 mg tablety s riadeným uvoľňovaním;Klaritromycín;;;
LEMTRADA 12 mg infúzny koncentrát;Alemtuzumab;;;
Lenalidomid Glenmark 10 mg;Lenalidomid;;;
Lenalidomid Glenmark 15 mg;Lenalidomid;;;
Lenalidomid Glenmark 25 mg;Lenalidomid;;;
Lenalidomid Grindeks 10 mg tvrdé kapsuly;Lenalidomid;;;
Lenalidomid Grindeks 15 mg tvrdé kapsuly;Lenalidomid;;;
Lenalidomid Grindeks 25 mg tvrdé kapsuly;Lenalidomid;;;
Lenalidomid Pharmevid 10 mg;Lenalidomid;;;
Lenalidomid Pharmevid 15 mg;Lenalidomid;;;
Lenalidomid Pharmevid 25 mg;Lenalidomid;;;
Lenalidomid Sandoz 10 mg;Lenalidomid;;;
Lenalidomid Sandoz 15 mg;Lenalidomid;;;
Lenalidomid Sandoz 25 mg;Lenalidomid;;;
Lenalidomid STADA 10 mg tvrdé kapsuly;Lenalidomid;;;
Lenalidomid STADA 15 mg tvrdé kapsuly;Lenalidomid;;;
Lenalidomid STADA 25 mg tvrdé kapsuly;Lenalidomid;;;
Lenalidomid Teva B.V. 10 mg;Lenalidomid;;;
Lenalidomid Teva B.V. 15 mg;Lenalidomid;;;
Lenalidomid Teva B.V. 25 mg;Lenalidomid;;;
Lenalidomid Zentiva 10 mg tvrdé kapsuly;Lenalidomid;;;
Lenalidomid Zentiva 15 mg tvrdé kapsuly;Lenalidomid;;;
Lenalidomid Zentiva 25 mg tvrdé kapsuly;Lenalidomid;;;
Lenalidomide Accord 10 mg tvrdé kapsuly;Lenalidomid;;;
Lenalidomide Accord 15 mg tvrdé kapsuly;Lenalidomid;;;
Lenalidomide Accord 25 mg tvrdé kapsuly;Lenalidomid;;;
LENVIMA 4 mg tvrdé kapsuly;Lenvatinib;;;
Leponex 100 mg;Klozapín;;;
Leponex 25 mg;Klozapín;;;
Leqvio 284 mg injekčný roztok v naplnenej injekčnej striekačke;Inklisiran;;;
Letromyl;Letrozol;;;
Letrovena 2,5 mg filmom obalené tablety;Letrozol;;;
Letrozol Sandoz 2,5 mg filmom obalené tablety;Letrozol;;;
Letrozol STADA 2,5 mg filmom obalené tablety;Letrozol;;;
Letrozol STADA 2,5 mg filmom obalené tablety;Letrozol;;;
Letrozole Pharmacenter 2,5 mg;Letrozol;;;
Leuprorelin Sandoz 5 mg implantát;Leuprorelín;;;
Levalox 500 mg filmom obalené tablety;Levofloxacín;;;
Levemir FlexPen 100 jednotiek/ml injekčný roztok naplnený v injekčnom pere;Inzulín-detemir;;;
Levemir Penfill 100 jednotiek/ml injekčný roztok v náplni;Inzulín-detemir;;;
Levetiracetam Accord 1000 mg filmom obalené tablety;Levetiracetam;;;
Levetiracetam Accord 250 mg filmom obalené tablety;Levetiracetam;;;
Levetiracetam Accord 500 mg filmom obalené tablety;Levetiracetam;;;
Levetiracetam Actavis 1000 mg filmom obalené tablety;Levetiracetam;;;
Levetiracetam Actavis 250 mg filmom obalené tablety;Levetiracetam;;;
Levetiracetam Actavis 500 mg filmom obalené tablety;Levetiracetam;;;
Levetiracetam Neuraxpharm 1000 mg filmom obalené tablety;Levetiracetam;;;
Levetiracetam Neuraxpharm 250 mg filmom obalené tablety;Levetiracetam;;;
Levetiracetam Neuraxpharm 500 mg filmom obalené tablety;Levetiracetam;;;
Levetiracetam Sandoz 1000 mg filmom obalené tablety;Levetiracetam;;;
Levetiracetam Sandoz 500 mg filmom obalené tablety;Levetiracetam;;;
Levetiracetam STADA Arzneimittel 1000 mg filmom obalené tablety;Levetiracetam;;;
Levetiracetam STADA Arzneimittel 250 mg filmom obalené tablety;Levetiracetam;;;
Levetiracetam STADA Arzneimittel 500 mg filmom obalené tablety;Levetiracetam;;;
Levocetirizin Teva 5 mg filmom obalené tablety;Levocetirizín;;;
Levocetirizin Teva 5 mg filmom obalené tablety;Levocetirizín;;;
Levocetirizin Teva 5 mg filmom obalené tablety;Levocetirizín;;;
Levodopa/Carbidopa/Entacapone Stada 100 mg/25 mg/200 mg;Levodopa, inhibítor dekarboxylázy a COMT inhibítor;;;
Levodopa/Carbidopa/Entacapone Stada 150 mg/37,5 mg/200 mg;Levodopa, inhibítor dekarboxylázy a COMT inhibítor;;;
Levodopa/Carbidopa/Entacapone Stada 175 mg/43,75 mg/200 mg;Levodopa, inhibítor dekarboxylázy a COMT inhibítor;;;
Levodopa/Carbidopa/Entacapone Stada 50 mg/12,5 mg/200 mg;Levodopa, inhibítor dekarboxylázy a COMT inhibítor;;;
Levofloxacin Olikla;Levofloxacín;;;
Levofolic 50 mg/ml injekčný alebo infúzny roztok;Detoxikanciá pri cytostatickej liečbe;;;
Levofolic 50 mg/ml injekčný alebo infúzny roztok;Detoxikanciá pri cytostatickej liečbe;;;
LIBTAYO 350 mg koncentrát na infúzny roztok;Cemiplimab;;;
Lignaron 10 mg tvrdé kapsuly;Lenalidomid;;;
Lignaron 15 mg tvrdé kapsuly;Lenalidomid;;;
Lignaron 25 mg tvrdé kapsuly;Lenalidomid;;;
Linezolid Accord 600 mg filmom obalené tablety;Linezolid;;;
Linezolid Krka 600 mg filmom obalené tablety;Linezolid;;;
Linezolid Sandoz 600 mg filmom obalené tablety;Linezolid;;;
Linola Fett Őlbad;Lieky s vazelínou a tukmi;;;
Linola Fett Őlbad;Lieky s vazelínou a tukmi;;;
LIPANTHYL NT 145 mg;Fenofibrát;;;
LIPANTHYL NT 145 mg;Fenofibrát;;;
LIPANTHYL SUPRA 160 mg;Fenofibrát;;;
LIPANTHYL SUPRA 160 mg;Fenofibrát;;;
LIPANTHYL SUPRA 215 mg;Fenofibrát;;;
LIPANTHYL SUPRA 215 mg;Fenofibrát;;;
Lipertance 10 mg/5 mg/5 mg;Atorvastatín, amlodipín a perindopril;;;
Lipertance 10 mg/5 mg/5 mg;Atorvastatín, amlodipín a perindopril;;;
Lipertance 20 mg/10 mg/10 mg;Atorvastatín, amlodipín a perindopril;;;
Lipertance 20 mg/10 mg/5 mg;Atorvastatín, amlodipín a perindopril;;;
Lipertance 20 mg/10 mg/5 mg;Atorvastatín, amlodipín a perindopril;;;
Lipertance 20 mg/5 mg/5 mg;Atorvastatín, amlodipín a perindopril;;;
Lipertance 20 mg/5 mg/5 mg;Atorvastatín, amlodipín a perindopril;;;
Lipertance 40 mg/10 mg/10 mg;Atorvastatín, amlodipín a perindopril;;;
Lisinopril-ratiopharm 10 mg;Lizinopril;;;
Lisinopril-ratiopharm 20 mg;Lizinopril;;;
Lisinopril-ratiopharm 5 mg;Lizinopril;;;
LITAK 2 mg/ml injekčný roztok;Kladribín;;;
Litfulo 50 mg tvrdé kapsuly;Ritlecitinib;;;
Lithium carbonicum - SLOVAKOFARMA;Lítium;;;
LIVIAL;Tibolón;;;
LIVTENCITY 200 mg filmom obalené tablety;Maribavir;;;
Lixiana 30 mg filmom obalené tablety;Edoxabán;;;
Lixiana 30 mg filmom obalené tablety;Edoxabán;;;
Lixiana 60 mg filmom obalené tablety;Edoxabán;;;
Lixiana 60 mg filmom obalené tablety;Edoxabán;;;
LOCOID 0,1 %;Hydrokortizónbutyrát;;;
LOCOID CRELO;Hydrokortizónbutyrát;;;
LOCOID LIPOCREAM 0,1 %;Hydrokortizónbutyrát;;;
Lodoz 10 mg/6,25 mg;Bisoprolol a tiazidy;;;
Lodoz 2,5 mg/6,25 mg;Bisoprolol a tiazidy;;;
Lodoz 5 mg/6,25 mg;Bisoprolol a tiazidy;;;
LOGNIF 0,5 mg tvrdé kapsuly;Fingolimod;;;
Lokren 20 mg;Betaxolol;;;
Lokren 20 mg;Betaxolol;;;
LOMEXIN 2 %;Fentikonazol;;;
LOMEXIN 600 mg;Fentikonazol;;;
Lonamo 100 mg;Sitagliptín;;;
Lonamo Duo 50 mg/1 000 mg;Metformín a sitagliptín;;;
Lonamo Duo 50 mg/850 mg;Metformín a sitagliptín;;;
Lonquex 6 mg injekčný roztok naplnený v injekčnej striekačke;Lipegfilgrastim;;;
Lonsurf 15 mg/6,14 mg filmom obalené tablety;Trifluridín, kominácie;;;
Lonsurf 15 mg/6,14 mg filmom obalené tablety;Trifluridín, kominácie;;;
Lonsurf 20 mg/8,19 mg filmom obalené tablety;Trifluridín, kominácie;;;
Lonsurf 20 mg/8,19 mg filmom obalené tablety;Trifluridín, kominácie;;;
Lopridam 4 mg/1,25 mg/10 mg;Perindopril,amlodipín a indapamid;;;
Lopridam 4 mg/1,25 mg/5 mg;Perindopril,amlodipín a indapamid;;;
Lopridam 4 mg/1,25 mg/5 mg;Perindopril,amlodipín a indapamid;;;
Lopridam 8 mg/2,5 mg/10 mg;Perindopril,amlodipín a indapamid;;;
Lopridam 8 mg/2,5 mg/10 mg;Perindopril,amlodipín a indapamid;;;
Lopridam 8 mg/2,5 mg/5 mg;Perindopril,amlodipín a indapamid;;;
Lopridam 8 mg/2,5 mg/5 mg;Perindopril,amlodipín a indapamid;;;
LORATADIN-ratiopharm 10 mg;Loratadín;;;
LORATADIN-ratiopharm 10 mg;Loratadín;;;
Lorista 100;Losartan;;;
Lorista 50;Losartan;;;
Lortanda 2,5 mg filmom obalené tablety;Letrozol;;;
Lortanda 2,5 mg filmom obalené tablety;Letrozol;;;
Lorviqua 100 mg filmom obalené tablety;Lorlatinib;;;
Lorviqua 25 mg filmom obalené tablety;Lorlatinib;;;
Losartan STADA Arzneimittel 50 mg filmom obalené tablety;Losartan;;;
Losartan STADA Arzneimittel 50 mg filmom obalené tablety;Losartan;;;
Losartan Zentiva 100 mg filmom obalené tablety;Losartan;;;
Losartan Zentiva 100 mg filmom obalené tablety;Losartan;;;
Losartan Zentiva 50 mg filmom obalené tablety;Losartan;;;
Losartan Zentiva 50 mg filmom obalené tablety;Losartan;;;
Losartan/Hydrochlorothiazide STADA Arzneimittel 100 mg/25 mg;Losartan a diuretiká;;;
Losartan/Hydrochlorothiazide STADA Arzneimittel 100 mg/25 mg;Losartan a diuretiká;;;
Losartan/Hydrochlorothiazide STADA Arzneimittel 50 mg/12,5 mg;Losartan a diuretiká;;;
Losartan/Hydrochlorothiazide STADA Arzneimittel 50 mg/12,5 mg;Losartan a diuretiká;;;
Lotemax;Loteprednol;;;
Lotriderm;Imidazolové a triazolové deriváty, kombinácie;;;
Loxentia 20 mg tvrdé gastrorezistentné kapsuly;Duloxetín;;;
Loxentia 40 mg tvrdé gastrorezistentné kapsuly;Duloxetín;;;
Lozap H;Losartan a diuretiká;;;
Lozap H;Losartan a diuretiká;;;
Lucentis 10 mg/ml injekčný roztok v naplnenej injekčnej striekačke;Ranibizumab;;;
LUMIGAN 0,3 mg/ml očná roztoková instilácia;Bimatoprost;;;
LUMINAL;Fenobarbital;;;
LUMYKRAS 120 mg filmom obalené tablety;Sotorasib;;;
Lunaldin 100 mikrogramov sublingválne tablety;Fentanyl;;;
Lunaldin 200 mikrogramov sublingválne tablety;Fentanyl;;;
Lunaldin 400 mikrogramov sublingválne tablety;Fentanyl;;;
Lunaldin 800 mikrogramov sublingválne tablety;Fentanyl;;;
Lusopress;Nitrendipín;;;
Lusopress;Nitrendipín;;;
Luveris 75 IU prášok a rozpúšťadlo na injekčný roztok;Lutropín-alfa;;;
Lynparza 150 mg filmom obalené tablety;Olaparib;;;
Lyrica 150 mg tvrdé kapsuly;Pregabalín;;;
Lyrica 300 mg tvrdé kapsuly;Pregabalín;;;
Lyrica 75 mg tvrdé kapsuly;Pregabalín;;;
Lysodren 500 mg tablety;Mitotán;;;
Lyumjev 100 jednotiek/ml injekčný roztok v injekčnej liekovke;Inzulín-lispro;;;
Lyumjev 100 jednotiek/ml KwikPen injekčný roztok v naplnenom pere;Inzulín-lispro;;;
Lyxit 12,5 mg;Tianeptín;;;
M-M-RVAXPRO prášok a disperzné prostredie na injekčnú suspenziu v naplnenej injekčnej striekačke;Očkovacia látka proti osýpkam, kombinácie s mumpsom a ružienkou, živá oslabená;;;
MABRON;Tramadol;;;
MABRON 50 mg;Tramadol;;;
MABRON RETARD 100;Tramadol;;;
MABRON RETARD 150;Tramadol;;;
Mabron Retard 200;Tramadol;;;
MabThera 1 400 mg roztok na subkutánnu injekciu;Rituximab;;;
MACMIROR;Nifuratel;;;
MACMIROR COMPLEX;Nystatín, kombinácie;;;
MACMIROR COMPLEX 500;Nystatín, kombinácie;;;
Magnesium sulfate Kalceks 100 mg/ml injekčný/infúzny roztok;Síran horečnatý;;;
Magnesium sulfate Kalceks 200 mg/ml injekčný/infúzny roztok;Síran horečnatý;;;
MAGNESIUM SULFURICUM BBP 100 mg/ml injekčný/infúzny roztok;Síran horečnatý;;;
MAGNESIUM SULFURICUM BBP 200 mg/ml injekčný/infúzny roztok;Síran horečnatý;;;
Magnosolv;Horčík (rôzne soli v kombinácii);;;
MAGRILAN 20 mg;Fluoxetín;;;
MAGRILAN 20 mg;Fluoxetín;;;
Malarone;Proguanil, kombinácie;;;
Maltofer;Komplexy oxid železitý-polymaltóza;;;
Maltofer;Komplexy oxid železitý-polymaltóza;;;
Maltofer;Komplexy oxid železitý-polymaltóza;;;
Maltofer Fol;Železo v kombinácii s kyselinou listovou;;;
MANTOMED 10 mg;Memantín;;;
MANTOMED 20 mg;Memantín;;;
Marixino 10 mg filmom obalené tablety;Memantín;;;
Marixino 10 mg filmom obalené tablety;Memantín;;;
Marixino 20 mg filmom obalené tablety;Memantín;;;
Marixino 20 mg filmom obalené tablety;Memantín;;;
MAVENCLAD 10 mg tablety;Kladribín;;;
MAVENCLAD 10 mg tablety;Kladribín;;;
MAVENCLAD 10 mg tablety;Kladribín;;;
Maviret 100 mg/40 mg filmom obalené tablety;Glekaprevir a pibrentasvir;;;
Maxalt RPD 10 mg;Rizatriptán;;;
Maymetsi 50 mg/1000 mg filmom obalené tablety;Metformín a sitagliptín;;;
Maymetsi 50 mg/1000 mg filmom obalené tablety;Metformín a sitagliptín;;;
Maymetsi 50 mg/850 mg filmom obalené tablety;Metformín a sitagliptín;;;
Maymetsi 50 mg/850 mg filmom obalené tablety;Metformín a sitagliptín;;;
Maysiglu 100 mg filmom obalené tablety;Sitagliptín;;;
Maysiglu 100 mg filmom obalené tablety;Sitagliptín;;;
Maysiglu 50 mg filmom obalené tablety;Sitagliptín;;;
Mayzent 0,25 mg filmom obalené tablety;Siponimod;;;
Mayzent 1 mg filmom obalené tablety;Siponimod;;;
Mayzent 2 mg filmom obalené tablety;Siponimod;;;
Meaxin 100 mg filmom obalené tablety;Imatinib;;;
Meaxin 400 mg filmom obalené tablety;Imatinib;;;
Medirazin 1 mikrogram mäkké kapsuly;Alfakalcidol;;;
Medirazin 1 mikrogram mäkké kapsuly;Alfakalcidol;;;
MEDOCIPRIN 250 mg;Ciprofloxacín;;;
MEDOCIPRIN 500 mg;Ciprofloxacín;;;
MEDOCLAV 1 g;Amoxicilín a inhibítor betalaktamázy;;;
MEDOCLAV 156,25 mg;Amoxicilín a inhibítor betalaktamázy;;;
MEDOCLAV 156,25 mg;Amoxicilín a inhibítor betalaktamázy;;;
MEDOCLAV 375 mg;Amoxicilín a inhibítor betalaktamázy;;;
MEDOCLAV 400 mg/5 ml + 57 mg/5 ml prášok na perorálnu suspenziu;Amoxicilín a inhibítor betalaktamázy;;;
MEDOCLAV 625 mg;Amoxicilín a inhibítor betalaktamázy;;;
MEDOCLAV FORTE 312,5 mg;Amoxicilín a inhibítor betalaktamázy;;;
MEDOCLAV FORTE 312,5 mg;Amoxicilín a inhibítor betalaktamázy;;;
MEDOCRIPTINE;Bromokriptín;;;
MEDOFLOXINE 200 mg;Ofloxacín;;;
MEDOFLOXINE 200 mg;Ofloxacín;;;
MEDOFLUCON 150 mg;Flukonazol;;;
MEDOFLUCON 150 mg;Flukonazol;;;
MEDOSPIR 25 mg;Spironolaktón;;;
MEDOTRIGIN 100 mg;Lamotrigín;;;
MEDOTRIGIN 100 mg;Lamotrigín;;;
MEDOTRIGIN 25 mg;Lamotrigín;;;
MEDOTRIGIN 50 mg;Lamotrigín;;;
MEDROL 16 mg;Metylprednizolón;;;
MEDROL 4 mg;Metylprednizolón;;;
MEGAMOX BID 1 g;Amoxicilín a inhibítor betalaktamázy;;;
MEGAMOX DUO;Amoxicilín a inhibítor betalaktamázy;;;
MEGAMOX DUO;Amoxicilín a inhibítor betalaktamázy;;;
MEGESIN 160 mg;Megestrol;;;
Mekinist 2 mg filmom obalené tablety;Trametinib;;;
Mektovi 15 mg filmom obalené tablety;Binimetinib;;;
Melkart 50 mg tablety;Vildagliptín;;;
Melkart Duo 50 mg/1000 mg filmom obalené tablety;Metformín a vildagliptín;;;
Melkart Duo 50 mg/850 mg filmom obalené tablety;Metformín a vildagliptín;;;
Meloxan 15 mg;Meloxikam;;;
Meloxan 15 mg;Meloxikam;;;
Meloxikam FMK 15 mg;Meloxikam;;;
Meloxikam FMK 15 mg;Meloxikam;;;
Meloxikam FMK 15 mg;Meloxikam;;;
Melyd 2 mg tablety;Glimepirid;;;
Melyd 3 mg tablety;Glimepirid;;;
Melyd 3 mg tablety;Glimepirid;;;
Melyd 3 mg tablety;Glimepirid;;;
Melyd 4 mg tablety;Glimepirid;;;
Melyd 4 mg tablety;Glimepirid;;;
Melyd 4 mg tablety;Glimepirid;;;
MEMAMED 10 mg;Memantín;;;
MEMAMED 20 mg;Memantín;;;
Memantin Mylan 10 mg filmom obalené tablety;Memantín;;;
Memantin Mylan 20 mg filmom obalené tablety;Memantín;;;
Memantin Stada 10 mg filmom obalené tablety;Memantín;;;
Memantin Stada 20 mg filmom obalené tablety;Memantín;;;
Memantin Viatris 10 mg/ml perorálny roztok;Memantín;;;
Memantine Accord 10 mg filmom obalené tablety;Memantín;;;
Memantine Accord 20 mg filmom obalené tablety;Memantín;;;
Memantine Grindeks 10 mg filmom obalené tablety;Memantín;;;
Memantine Vipharm 10 mg;Memantín;;;
Memantine Vipharm 20 mg;Memantín;;;
Memantine Vipharm 20 mg;Memantín;;;
Memantine Vipharm 20 mg;Memantín;;;
Memolan 10 mg filmom obalené tablety;Memantín;;;
Memolan 20 mg filmom obalené tablety;Memantín;;;
MeniSerc 16;Betahistín;;;
MeniSerc 24;Betahistín;;;
Menopur 600 IU;Ľudský menopauzový gonadotropín;;;
MENOPUR 75 IU;Ľudský menopauzový gonadotropín;;;
Meriofert Kit 150 IU;Ľudský menopauzový gonadotropín;;;
Meriofert Kit 150 IU;Ľudský menopauzový gonadotropín;;;
Meriofert Kit 75 IU;Ľudský menopauzový gonadotropín;;;
Meriofert Kit 75 IU;Ľudský menopauzový gonadotropín;;;
Meriofert Kit 900 IU;Ľudský menopauzový gonadotropín;;;
Mesocain 1 %;Amidy;;;
MESTINON 60 mg;Pyridostigmín;;;
METALCAPTASE 150;Penicilamín;;;
METAMISTAD tablety;Metamizol, sodná soľ;;;
Metamizol Medreg;Metamizol, sodná soľ;;;
Metamizol Medreg;Metamizol, sodná soľ;;;
Metamizol Stada 500 mg/ml perorálne roztokové kvapky;Metamizol, sodná soľ;;;
Metamizol Teva 500 mg tablety;Metamizol, sodná soľ;;;
Metamizol Teva 500 mg tablety;Metamizol, sodná soľ;;;
Metamizole Kalceks 500 mg/ml injekčný roztok;Metamizol, sodná soľ;;;
Metamizole Kalceks 500 mg/ml injekčný roztok;Metamizol, sodná soľ;;;
Metfogamma 1000;Metformín;;;
Metfogamma 500;Metformín;;;
Metfogamma 500;Metformín;;;
Metfogamma 850;Metformín;;;
Metfogamma 850;Metformín;;;
Metformin Medreg 1 000 mg;Metformín;;;
Metformin Medreg 1 000 mg;Metformín;;;
Metformin Medreg 500 mg;Metformín;;;
Metformin Medreg 500 mg;Metformín;;;
Metformin Medreg 850 mg;Metformín;;;
Metformin Sandoz 1000 mg;Metformín;;;
Metformin Sandoz 500 mg;Metformín;;;
Metformin Sandoz 750 mg;Metformín;;;
Metformin STADA 1000 mg filmom obalené tablety;Metformín;;;
Metformin STADA 1000 mg filmom obalené tablety;Metformín;;;
Metformin STADA 500 mg filmom obalené tablety;Metformín;;;
Metformin STADA 500 mg filmom obalené tablety;Metformín;;;
Metformin STADA 850 mg filmom obalené tablety;Metformín;;;
Metformin STADA 850 mg filmom obalené tablety;Metformín;;;
Metformin Teva XR 1000 mg;Metformín;;;
Metformin Teva XR 500 mg;Metformín;;;
Metformin Teva XR 750 mg;Metformín;;;
Metformin Viatris 1000 mg;Metformín;;;
Metformin Viatris 1000 mg filmom obalené tablety;Metformín;;;
Metformin Viatris 500 mg;Metformín;;;
Metformin Viatris 750 mg;Metformín;;;
Metformin Viatris 850 mg filmom obalené tablety;Metformín;;;
Methotrexat Sandoz 20 mg/ ml;Metotrexát;;;
Methotrexat Sandoz 20 mg/ ml;Metotrexát;;;
Methotrexat Sandoz 20 mg/ ml;Metotrexát;;;
METHOTREXAT SANDOZ 5000;Metotrexát;;;
Metoject 50 mg/ml injekčný roztok;Metotrexát;;;
Metoject 50 mg/ml injekčný roztok;Metotrexát;;;
Metoject 50 mg/ml injekčný roztok;Metotrexát;;;
Metoject PEN 10 mg injekčný roztok naplnený v injekčnom pere;Metotrexát;;;
Metoject PEN 10 mg injekčný roztok naplnený v injekčnom pere;Metotrexát;;;
Metoject PEN 12,5 mg injekčný roztok naplnený v injekčnom pere;Metotrexát;;;
Metoject PEN 12,5 mg injekčný roztok naplnený v injekčnom pere;Metotrexát;;;
Metoject PEN 15 mg injekčný roztok naplnený v injekčnom pere;Metotrexát;;;
Metoject PEN 15 mg injekčný roztok naplnený v injekčnom pere;Metotrexát;;;
Metoject PEN 17,5 mg injekčný roztok naplnený v injekčnom pere;Metotrexát;;;
Metoject PEN 17,5 mg injekčný roztok naplnený v injekčnom pere;Metotrexát;;;
Metoject PEN 20 mg injekčný roztok naplnený v injekčnom pere;Metotrexát;;;
Metoject PEN 22,5 mg injekčný roztok naplnený v injekčnom pere;Metotrexát;;;
Metoject PEN 25 mg injekčný roztok naplnený v injekčnom pere;Metotrexát;;;
Metoject PEN 25 mg injekčný roztok naplnený v injekčnom pere;Metotrexát;;;
Metoject PEN 7,5 mg injekčný roztok naplnený v injekčnom pere;Metotrexát;;;
Metoject PEN 7,5 mg injekčný roztok naplnený v injekčnom pere;Metotrexát;;;
METOPIRONE;Metyrapón;;;
Metoprolol Medreg 100 mg;Metoprolol;;;
Metoprolol Medreg 50 mg;Metoprolol;;;
Metoprolol ratiopharm 100 mg;Metoprolol;;;
Metoprolol ratiopharm 25 mg;Metoprolol;;;
Metoprolol ratiopharm 50 mg;Metoprolol;;;
Metylfenidát Neuraxpharm 18 mg tablety s predĺženým uvoľňovaním;Metylfenidát;;;
Metylfenidát Neuraxpharm 36 mg tablety s predĺženým uvoľňovaním;Metylfenidát;;;
Metylfenidát Neuraxpharm 54 mg tablety s predĺženým uvoľňovaním;Metylfenidát;;;
Micardis 80 mg tablety;Telmisartan;;;
MicardisPlus 80 mg/12,5 mg tablety;Telmisartan a diuretiká;;;
MicardisPlus 80 mg/25 mg tablety;Telmisartan a diuretiká;;;
MICROPAQUE;Síran bárnatý so suspendujúcimi látkami;;;
MICROPAQUE CT;Síran bárnatý so suspendujúcimi látkami;;;
Mictonorm 15 mg filmom obalené tablety;Propiverín;;;
MIDZA 100 mg filmom obalené tablety;Lakosamid;;;
MIDZA 150 mg filmom obalené tablety;Lakosamid;;;
MIDZA 200 mg filmom obalené tablety;Lakosamid;;;
MIDZA 50 mg filmom obalené tablety;Lakosamid;;;
Miglustat G.L. Pharma 100 mg tvrdé kapsuly;Miglustat;;;
Milgamma NA injekt;Vitamín B1 v kombinácii s vitamínom B6 alebo s vitamínom B12;;;
Milurit 300 mg;Alopurinol;;;
Milurit 300 mg;Alopurinol;;;
MINIRIN Melt 120 µg;Dezmopresín;;;
MINIRIN Melt 120 µg;Dezmopresín;;;
MINIRIN Melt 240 µg;Dezmopresín;;;
MINIRIN Melt 60 µg;Dezmopresín;;;
MINIRIN Melt 60 µg;Dezmopresín;;;
Miraklide 10 mg;Escitalopram;;;
Miraklide 20 mg;Escitalopram;;;
Mirapexin 0,52 mg tablety s predĺženým uvoľňovaním;Pramipexol;;;
Mirapexin 1,05 mg tablety s predĺženým uvoľňovaním;Pramipexol;;;
Mirapexin 2,1 mg tablety s predĺženým uvoľňovaním;Pramipexol;;;
MIRCERA 50 mikrogramov/0,3 ml injekčný roztok v naplnenej injekčnej striekačke;Metoxypolyetylénglykol-epoetín beta;;;
Mirovian 1000 mg;Metformín;;;
Mirovian 1000 mg;Metformín;;;
Mirovian 500 mg;Metformín;;;
Mirovian 500 mg;Metformín;;;
Mirovian 850 mg;Metformín;;;
Mirovian 850 mg;Metformín;;;
Mirovian XR 1000 mg;Metformín;;;
Mirovian XR 500 mg;Metformín;;;
Mirovian XR 750 mg;Metformín;;;
MIRZATEN 15 mg;Mirtazapín;;;
MIRZATEN 30 mg;Mirtazapín;;;
Mirzaten 45 mg;Mirtazapín;;;
Mixor 80 mg/10 mg;Telmisartan a amlodipín;;;
Mixor 80 mg/10 mg;Telmisartan a amlodipín;;;
Mixor 80 mg/5 mg;Telmisartan a amlodipín;;;
Mixor 80 mg/5 mg;Telmisartan a amlodipín;;;
Moloxin 400 mg filmom obalené tablety;Moxifloxacín;;;
Mometasone Sandoz 50 mikrogramov;Mometazón;;;
Mometasone Sandoz 50 mikrogramov;Mometazón;;;
Monkasta 10 mg filmom obalené tablety;Montelukast;;;
Monkasta 10 mg filmom obalené tablety;Montelukast;;;
Monkasta 4 mg žuvacie tablety;Montelukast;;;
Monkasta 4 mg žuvacie tablety;Montelukast;;;
Monkasta 5 mg žuvacie tablety;Montelukast;;;
Monkasta 5 mg žuvacie tablety;Montelukast;;;
MONO MACK DEPOT;Izosorbidmononitrát;;;
MONOPOST 50 mikrogramov/ml;Latanoprost;;;
MONOPOST 50 mikrogramov/ml;Latanoprost;;;
MONOPRIL 20 mg;Fozinopril;;;
MONOSAN 20 mg;Izosorbidmononitrát;;;
MONOSAN 20 mg;Izosorbidmononitrát;;;
MONOSAN 40 mg;Izosorbidmononitrát;;;
MONOSAN 40 mg;Izosorbidmononitrát;;;
MONOZIDE;Fozinopril a diuretiká;;;
Montelukast Medreg 10 mg filmom obalené tablety;Montelukast;;;
Montelukast Medreg 10 mg filmom obalené tablety;Montelukast;;;
Montelukast Medreg 10 mg filmom obalené tablety;Montelukast;;;
Montelukast Organon 10 mg;Montelukast;;;
Montelukast Organon 4 mg;Montelukast;;;
Montelukast Organon 4 mg;Montelukast;;;
Montelukast Organon 5 mg;Montelukast;;;
Montelukast Teva 10 mg;Montelukast;;;
Montelukast Teva 10 mg;Montelukast;;;
Montelukast Teva 4 mg;Montelukast;;;
Montelukast Teva 4 mg granulát;Montelukast;;;
Montelukast Teva 5 mg;Montelukast;;;
Montelukast Viatris 10 mg;Montelukast;;;
MORPHIN Biotika 1%;Morfín;;;
MORPHIN Biotika 1%;Morfín;;;
MORYSA 10 mg filmom obalené tablety;Memantín;;;
MORYSA 20 mg filmom obalené tablety;Memantín;;;
MOVALIS 15 mg;Meloxikam;;;
Moventig 25 mg filmom obalené tablety;Naloxegol;;;
MOVIPREP;Makrogol, kombinácie;;;
Movymia 20 mikrogramov/80 mikrolitrov injekčný roztok;Teriparatid;;;
Movymia 20 mikrogramov/80 mikrolitrov injekčný roztok;Teriparatid;;;
Movymia 20 mikrogramov/80 mikrolitrov injekčný roztok;Teriparatid;;;
Moxifloxacin Olikla 5 mg/ml očné roztokové kvapky;Moxifloxacín;;;
Moxogamma 0,2 mg;Moxonidín;;;
Moxogamma 0,3 mg;Moxonidín;;;
Moxogamma 0,4 mg;Moxonidín;;;
Moxonidin-ratiopharm 0,2 mg;Moxonidín;;;
Moxonidin-ratiopharm 0,2 mg;Moxonidín;;;
Moxonidin-ratiopharm 0,3 mg;Moxonidín;;;
Moxonidin-ratiopharm 0,3 mg;Moxonidín;;;
Moxonidin-ratiopharm 0,4 mg;Moxonidín;;;
Moxonidin-ratiopharm 0,4 mg;Moxonidín;;;
MOXOSTAD 0,2 mg;Moxonidín;;;
MOXOSTAD 0,2 mg;Moxonidín;;;
MOXOSTAD 0,3 mg;Moxonidín;;;
MOXOSTAD 0,3 mg;Moxonidín;;;
MOXOSTAD 0,4 mg;Moxonidín;;;
MOXOSTAD 0,4 mg;Moxonidín;;;
MoXynt 0,2 mg;Moxonidín;;;
MoXynt 0,3 mg;Moxonidín;;;
MoXynt 0,3 mg;Moxonidín;;;
MoXynt 0,4 mg;Moxonidín;;;
MoXynt 0,4 mg;Moxonidín;;;
MST Continus 100 mg;Morfín;;;
MST Continus 30 mg;Morfín;;;
MST Continus 60 mg;Morfín;;;
Multaq 400 mg filmom obalené tablety;Dronedarón;;;
MVASI 25 mg/ml infúzny koncentrát;Bevacizumab;;;
MVASI 25 mg/ml infúzny koncentrát;Bevacizumab;;;
MYCOMAX 100;Flukonazol;;;
MYCOMAX 150;Flukonazol;;;
MYCOMAX 150;Flukonazol;;;
Myfenax 250 mg tvrdé kapsuly;Kyselina mykofenolová;;;
Myfenax 500 mg filmom obalené tablety;Kyselina mykofenolová;;;
Myfortic 180 mg;Kyselina mykofenolová;;;
Myfortic 360 mg;Kyselina mykofenolová;;;
Mykofenolát mofetil Sandoz 500 mg filmom obalené tablety;Kyselina mykofenolová;;;
Myocet liposomal 50 mg prášok, disperzia a rozpúšťadlo na koncentrát pre infúznu disperziu;Doxorubicín;;;
Myozyme 50 mg prášok na infúzny koncentrát;Alfa-alglukozidáza;;;
Nakom mite 100 mg/25 mg;Levodopa a inhibítory dekarboxylázy;;;
Nalgesin FORTE 550 mg;Naproxén;;;
Nalgesin FORTE 550 mg;Naproxén;;;
Naloxone Polpharma;Naloxón;;;
Nasofan 50 mikrogramová nosový suspenzný sprej;Flutikazón;;;
NASONEX;Mometazón;;;
NASONEX;Mometazón;;;
NAVELBINE 10 mg;Vinorelbín;;;
NAVELBINE 10 mg;Vinorelbín;;;
NAVELBINE 50 mg;Vinorelbín;;;
NAVELBINE 50 mg;Vinorelbín;;;
NAVELBINE ORAL 20 mg;Vinorelbín;;;
NAVELBINE ORAL 30 mg;Vinorelbín;;;
Navirel;Vinorelbín;;;
Navirel;Vinorelbín;;;
Naxalgan 150 mg;Pregabalín;;;
Naxalgan 300 mg;Pregabalín;;;
Naxalgan 75 mg;Pregabalín;;;
Nebido 1000 mg/4 ml injekčný roztok;Testosterón;;;
Nebilet 5 mg;Nebivolol;;;
Nebilet 5 mg;Nebivolol;;;
Nebilet HCTZ 5 mg/12,5 mg;Nebivolol a tiazidy;;;
Nebitrix 5 mg;Nebivolol;;;
Nebitrix 5 mg;Nebivolol;;;
Nebivolol Krka 5 mg tablety;Nebivolol;;;
Nebivolol Krka 5 mg tablety;Nebivolol;;;
Nebivolol Medreg;Nebivolol;;;
Nebivolol Teva 5 mg;Nebivolol;;;
Nebivolol Teva 5 mg;Nebivolol;;;
Nemdatine 10 mg filmom obalené tablety;Memantín;;;
Nemdatine 10 mg filmom obalené tablety;Memantín;;;
Nemdatine 20 mg filmom obalené tablety;Memantín;;;
Nemdatine 20 mg filmom obalené tablety;Memantín;;;
NEMOTAN 30 mg;Nimodipín;;;
Neotigason 10 mg;Acitretín;;;
Neotigason 25 mg;Acitretín;;;
Nepexto 50 mg injekčný roztok v naplnenej injekčnej striekačke;Etanercept;;;
Nepexto 50 mg injekčný roztok v naplnenom injekčnom pere;Etanercept;;;
Nerlynx 40 mg filmom obalené tablety;Neratinib;;;
Nestibil;Bilastín;;;
Nestibil;Bilastín;;;
Neupro 2 mg/24 h transdermálna náplasť;Rotigotín;;;
Neupro 4 mg/24 h transdermálna náplasť;Rotigotín;;;
Neupro 6 mg/24 h transdermálna náplasť;Rotigotín;;;
Neupro 8 mg/24 h transdermálna náplasť;Rotigotín;;;
Neurotop retard 300 mg;Karbamazepín;;;
Neurotop retard 600 mg;Karbamazepín;;;
Nexavar 200 mg filmom obalené tablety;Sorafenib;;;
Ngenla 24 mg injekčný roztok v naplnenom pere;Somatrogon;;;
Ngenla 60 mg injekčný roztok v naplnenom pere;Somatrogon;;;
Niapelf 100 mg injekčná suspenzia s predľženým uvoľňovaním;Paliperidón;;;
Niapelf 150 mg injekčná suspenzia s predľženým uvoľňovaním;Paliperidón;;;
Niapelf 50 mg injekčná suspenzia s predľženým uvoľňovaním;Paliperidón;;;
Niapelf 75 mg injekčná suspenzia s predľženým uvoľňovaním;Paliperidón;;;
Nidrazid;Izoniazid;;;
Nilemdo 180 mg filmom obalené tablety;Kyselina bempedoová;;;
Nilotinib Accord 150 mg tvrdé kapsuly;Nilotinib;;;
Nilotinib Accord 200 mg tvrdé kapsuly;Nilotinib;;;
Nilotinib STADA 150 mg tvrdé kapsuly;Nilotinib;;;
Nilotinib STADA 150 mg tvrdé kapsuly;Nilotinib;;;
Nilotinib STADA 200 mg tvrdé kapsuly;Nilotinib;;;
Nilotinib STADA 200 mg tvrdé kapsuly;Nilotinib;;;
Nilotinib Zentiva 150 mg;Nilotinib;;;
Nilotinib Zentiva 200 mg;Nilotinib;;;
Nimesil;Nimesulid;;;
Nimvastid;Rivastigmín;;;
Nimvastid;Rivastigmín;;;
Nimvastid;Rivastigmín;;;
Nimvastid;Rivastigmín;;;
NINLARO 2,3 mg tvrdé kapsuly;Ixazomib;;;
NINLARO 3 mg tvrdé kapsuly;Ixazomib;;;
NINLARO 4 mg tvrdé kapsuly;Ixazomib;;;
Nitisinone Dipharma 10 mg;Nitizinón;;;
Nitisinone Dipharma 20 mg;Nitizinón;;;
Nitisinone Dipharma 5 mg;Nitizinón;;;
NITRESAN 10 mg;Nitrendipín;;;
NITRESAN 20 mg;Nitrendipín;;;
NITRESAN 20 mg;Nitrendipín;;;
Nitroglycerin-SLOVAKOFARMA;Glyceroltrinitrát;;;
Nofebran 500 mg filmom obalené tablety;Metamizol, sodná soľ;;;
Nofebran 500 mg filmom obalené tablety;Metamizol, sodná soľ;;;
Nolicin;Norfloxacín;;;
Noliprel Bi-forte A;Perindopril a diuretiká;;;
Noliprel Bi-forte A;Perindopril a diuretiká;;;
Noliprel forte A;Perindopril a diuretiká;;;
Noliprel forte A;Perindopril a diuretiká;;;
Nolpaza 20 mg;Pantoprazol;;;
Nolpaza 20 mg;Pantoprazol;;;
Nolpaza 40 mg;Pantoprazol;;;
Nolpaza 40 mg;Pantoprazol;;;
Noprex 35 mikrogramov/h transdermálna náplasť;Buprenorfín;;;
Noprex 52,5 mikrogramov/h transdermálna náplasť;Buprenorfín;;;
Noprex 70 mikrogramov/h transdermálna náplasť;Buprenorfín;;;
Noradrenalin Léčiva;Norepinefrín (Noradrenalín);;;
Norepinephrine Kabi 1 mg/ml;Norepinefrín (Noradrenalín);;;
Norepinephrine Kabi 1 mg/ml;Norepinefrín (Noradrenalín);;;
Norepinephrine Kabi 1 mg/ml;Norepinefrín (Noradrenalín);;;
Norepinephrine Kalceks 1 mg/ml koncentrát na infúzny roztok;Norepinefrín (Noradrenalín);;;
Norethisteron Zentiva;Noretisterón;;;
NORMIX 200 mg;Rifaximín;;;
NORMIX 200 mg;Rifaximín;;;
Norprolac 75 µg tablety;Chinagolid;;;
Novalgin 500 mg;Metamizol, sodná soľ;;;
Novalgin 500 mg;Metamizol, sodná soľ;;;
Novalgin 500 mg/ml;Metamizol, sodná soľ;;;
NovoEight 1000 IU prášok a rozpúšťadlo na injekčný roztok;Koagulačný faktor VIII;;;
NovoEight 250 IU prášok a rozpúšťadlo na injekčný roztok;Koagulačný faktor VIII;;;
NovoEight 500 IU prášok a rozpúšťadlo na injekčný roztok;Koagulačný faktor VIII;;;
Novofem;Noretisterón a estrogén;;;
NovoMix 30 FlexPen;Inzulín-aspartát;;;
NovoRapid FlexPen 100 jednotiek/ml injekčný roztok v naplnenom pere;Inzulín-aspartát;;;
NovoRapid Penfill 100 jednotiek/ml injekčný roztok v náplni;Inzulín-aspartát;;;
NovoRapid PumpCart 100 jednotiek/ml injekčný roztok v náplni;Inzulín-aspartát;;;
NovoSeven 1 mg (50KIU) prášok a rozpúšťadlo na injekčný roztok;Eptakog alfa (aktivovaný);;;
NovoSeven 2 mg (100 KIU) prášok a rozpúšťadlo na injekčný roztok;Eptakog alfa (aktivovaný);;;
NovoThirteen 2500 IU prášok a rozpúšťadlo na injekčný roztok;Katridekakog;;;
Nplate 250 mikrogramov prášok a rozpúšťadlo na injekčný roztok;Romiplostím;;;
Nplate 500 mikrogramov prášok a rozpúšťadlo na injekčný roztok;Romiplostím;;;
NUBEQA 300 mg filmom obalené tablety;Darolutamid;;;
Nucala 100 mg injekčný roztok naplnený v injekčnej striekačke;Mepolizumab;;;
Nucala 100 mg injekčný roztok v naplnenom pere;Mepolizumab;;;
Nustendi 180 mg/10 mg filmom obalené tablety;Kyselina bempedoová a ezetimib;;;
Nuwiq 1000 IU prášok a rozpúšťadlo na injekčný roztok;Koagulačný faktor VIII;;;
Nuwiq 2000 IU prášok a rozpúšťadlo na injekčný roztok;Koagulačný faktor VIII;;;
Nuwiq 250 IU prášok a rozpúšťadlo na injekčný roztok;Koagulačný faktor VIII;;;
Nuwiq 500 IU prášok a rozpúšťadlo na injekčný roztok;Koagulačný faktor VIII;;;
Ocrevus 300 mg infúzny koncentrát;Okrelizumab;;;
OCTANATE 1000 I.U.;Koagulačný faktor VIII;;;
OCTANATE 250 I.U.;Koagulačný faktor VIII;;;
OCTANATE 500 I.U.;Koagulačný faktor VIII;;;
OCTANINE F 1000 I.U.;Koagulačný faktor IX;;;
OCTANINE F 500 I.U.;Koagulačný faktor IX;;;
Octaplex;Koagulačné faktory IX, II, VII a X v kombinácii;;;
Odefsey 200 mg/25 mg/25 mg filmom obalené tablety;Emtricitabín, tenofovir alafenamid a rilpivirín;;;
Ofev 100 mg mäkké kapsuly;Nintedanib;;;
Ofev 150 mg mäkké kapsuly;Nintedanib;;;
Ofloxin 200;Ofloxacín;;;
Oftaquix 5 mg/ml očné roztokové kvapky;Levofloxacín;;;
Ogivri 150 mg prášok na infúzny koncentrát;Trastuzumab;;;
Oilatum Emollient;Lieky s vazelínou a tukmi;;;
Olanzapin Actavis 10 mg;Olanzapín;;;
Olanzapin Actavis 10 mg;Olanzapín;;;
Olanzapin Actavis 10 mg filmom obalené tablety;Olanzapín;;;
Olanzapin Actavis 10 mg filmom obalené tablety;Olanzapín;;;
Olanzapin Actavis 15 mg filmom obalené tablety;Olanzapín;;;
Olanzapin Actavis 5 mg;Olanzapín;;;
Olanzapin Actavis 5 mg;Olanzapín;;;
Olanzapin Actavis 5 mg filmom obalené tablety;Olanzapín;;;
Olanzapin Actavis 5 mg filmom obalené tablety;Olanzapín;;;
Olanzapin Viatris 10 mg orodispergovateľné tablety;Olanzapín;;;
Olanzapin Viatris 5 mg orodispergovateľné tablety;Olanzapín;;;
Olanzapine Accord 10 mg filmom obalené tablety;Olanzapín;;;
Olanzapine Accord 5 mg filmom obalené tablety;Olanzapín;;;
Olicard 40 mg retard;Izosorbidmononitrát;;;
Olicard 40 mg retard;Izosorbidmononitrát;;;
Olicard 60 mg retard;Izosorbidmononitrát;;;
Olopatadine Olikla 1 mg/ml očné roztokové kvapky;Olopatadín;;;
Olopatadine Olikla 1 mg/ml očné roztokové kvapky;Olopatadín;;;
OLPINAT 10 mg;Olanzapín;;;
OLPINAT 5 mg;Olanzapín;;;
Oltar 2 mg;Glimepirid;;;
Oltar 3 mg;Glimepirid;;;
Oltar 4 mg;Glimepirid;;;
Oltar 6 mg;Glimepirid;;;
Olumiant 4 mg filmom obalené tablety;Baricitinib;;;
Omarit;Bilastín;;;
Omarit;Bilastín;;;
Omarit 10 mg orodispergovateľné tablety;Bilastín;;;
Omemyl 20 mg;Omeprazol;;;
Omemyl 20 mg;Omeprazol;;;
Omeprazol Medreg 20 mg;Omeprazol;;;
Omeprazol Medreg 20 mg;Omeprazol;;;
Omeprazol Sandoz 20 mg;Omeprazol;;;
Omeprazol STADA 20 mg;Omeprazol;;;
Omeprazol STADA 20 mg;Omeprazol;;;
Omeprazole Olikla 20 mg tvrdé gastrorezistentné kapsuly;Omeprazol;;;
Omeprazole Olikla 20 mg tvrdé gastrorezistentné kapsuly;Omeprazol;;;
Omlyclo 150 mg injekčný roztok v naplnenej injekčnej striekačke;Omalizumab;;;
Omlyclo 150 mg injekčný roztok v naplnenom pere;Omalizumab;;;
Omlyclo 75 mg injekčný roztok v naplnenej injekčnej striekačke;Omalizumab;;;
Omlyclo 75 mg injekčný roztok v naplnenom pere;Omalizumab;;;
Omnic TOCAS 0,4;Tamsulosín;;;
OMNIPAQUE 300;Johexol;;;
OMNIPAQUE 300;Johexol;;;
OMNIPAQUE 350;Johexol;;;
OMNIPAQUE 350;Johexol;;;
OMNIPAQUE 350;Johexol;;;
Omvoh 100 mg injekčný roztok v naplnenom pere;Mirikizumab;;;
Omvoh 300 mg koncentrát na infúzny roztok;Mirikizumab;;;
Onbrez Breezhaler 150 mikrogramov inhalačný prášok v tvrdých kapsulách;Indakaterol;;;
Ondansetron B. Braun 2 mg/ml injekčný roztok;Ondansetrón;;;
ONDANSETRON KABI 2 mg/ml;Ondansetrón;;;
Ongentys 50 mg tvrdé kapsuly;Opikapón;;;
ONKOTRONE;Mitoxantrón;;;
Onsetrogen 2 mg/ml;Ondansetrón;;;
Onsetrogen 8 mg;Ondansetrón;;;
Ontozry 100 mg filmom obalené tablety;Cenobamát;;;
"Ontozry 12,5 mg tablety, 
Ontozry 25 mg filmom obalené tablety";Cenobamát;;;
Ontozry 150 mg filmom obalené tablety;Cenobamát;;;
Ontozry 200 mg filmom obalené tablety;Cenobamát;;;
Ontozry 50 mg filmom obalené tablety;Cenobamát;;;
Opatanol 1 mg/ml očná roztoková instilácia;Olopatadín;;;
OPDIVO 10 mg/ml infúzny koncentrát;Nivolumab;;;
OPDIVO 10 mg/ml infúzny koncentrát;Nivolumab;;;
OPHTHALMO-FRAMYKOIN;Rôzne antibiotiká, kombinácie;;;
OPHTHALMO-FRAMYKOIN comp.;Antibiotiká v kombinácii s inými liečivami;;;
OPRAZOLE;Omeprazol;;;
OPRAZOLE;Omeprazol;;;
Oprymea 0,18 mg tablety;Pramipexol;;;
Oprymea 0,26 mg tablety s predĺženým uvoľňovaním;Pramipexol;;;
Oprymea 0,52 mg tablety s predĺženým uvoľňovaním;Pramipexol;;;
Oprymea 0,7 mg tablety;Pramipexol;;;
Oprymea 1,05 mg tablety s predĺženým uvoľňovaním;Pramipexol;;;
Oprymea 2,1 mg tablety s predĺženým uvoľňovaním;Pramipexol;;;
Oprymea 2,62 mg tablety s predĺženým uvoľňovaním;Pramipexol;;;
Oprymea 3,15 mg tablety s predĺženým uvoľňovaním;Pramipexol;;;
Opsumit 10 mg filmom obalené tablety;Macitentan;;;
OPTIRAY 300;Joverzol;;;
OPTIRAY 300;Joverzol;;;
OPTIRAY 300;Joverzol;;;
OPTIRAY 350;Joverzol;;;
OPTIRAY 350;Joverzol;;;
OPTIRAY 350;Joverzol;;;
OPTIRAY 350;Joverzol;;;
Oralair 100 IR & 300 IR;Trávové pele;;;
Oralair 300 IR;Trávové pele;;;
Oralair 300 IR;Trávové pele;;;
Orebriton 90 mg;Tikagrelor;;;
ORENCIA 250 mg prášok na koncentrát na infúzny roztok;Abatacept;;;
Orfadin 10 mg tvrdé kapsuly;Nitizinón;;;
Orfadin 2 mg tvrdé kapsuly;Nitizinón;;;
Orfadin 20 mg tvrdé kapsuly;Nitizinón;;;
Orfadin 4 mg/ml perorálna suspenzia;Nitizinón;;;
Orfadin 5 mg tvrdé kapsuly;Nitizinón;;;
ORFIRIL LONG 1000 mg;Kyselina valproová;;;
ORFIRIL LONG 150 mg;Kyselina valproová;;;
ORFIRIL LONG 300 mg;Kyselina valproová;;;
Orfiril long 500 mg;Kyselina valproová;;;
Orkambi 100 mg/125 mg filmom obalené tablety;Ivakaftor a lumakaftor;;;
Orkambi 100 mg/125 mg granulát vo vrecku;Ivakaftor a lumakaftor;;;
Orkambi 150 mg/188 mg granulát vo vrecku;Ivakaftor a lumakaftor;;;
Orkambi 200 mg/125 mg filmom obalené tablety;Ivakaftor a lumakaftor;;;
Osagrand 150 mg filmom obalené tablety;Kyselina ibandrónová;;;
Osenvelt 120 mg injekčný roztok;Denosumab;;;
Ospamox 1000 mg filmom obalené tablety;Amoxicilín;;;
Ospamox 500 mg filmom obalené tablety;Amoxicilín;;;
Ospamox 750 mg filmom obalené tablety;Amoxicilín;;;
Ospen 1000;Fenoxymetylpenicilín;;;
Ospen 1500;Fenoxymetylpenicilín;;;
Ospen 400;Fenoxymetylpenicilín;;;
Ospen 500;Fenoxymetylpenicilín;;;
Ospexin 1000 mg;Cefalexín;;;
Ospexin 500 mg;Cefalexín;;;
Ospolot;Sultiam;;;
Osporil 4 mg/100 ml infúzny roztok;Kyselina zoledrónová;;;
Ossica 150 mg filmom obalené tablety;Kyselina ibandrónová;;;
OsvaRen;Kalciumacetát a magnéziumkarbonát;;;
Osvyrti 60 mg injekčný roztok v naplnenej injekčnej striekačke;Denosumab;;;
Otezla 10 mg filmom obalené tablety,Otezla 20 mg filmom obalené tablety, Otezla 30 mg filmom obalené tablety;Apremilast;;;
Otezla 30 mg filmom obalené tablety;Apremilast;;;
Otulfi 130 mg koncentrát na infúzny roztok;Ustekinumab;;;
Otulfi 45 mg injekčný roztok naplnený v injekčnej striekačke;Ustekinumab;;;
Otulfi 90 mg injekčný roztok naplnený v injekčnej striekačke;Ustekinumab;;;
Ovestin;Estriol;;;
Ovitrelle 250 mikrogramov injekčný roztok v naplnenom pere;Choriový gonadotropín-alfa;;;
Ovitrelle 250 mikrogramov/0,5 ml, injekčný roztok v naplnenej injekčnej striekačke;Choriový gonadotropín-alfa;;;
Oxaliplatin Kabi 5 mg/ml;Oxaliplatina;;;
Oxaliplatin Kabi 5 mg/ml;Oxaliplatina;;;
Oxaliplatina Viatris 5 mg/ml;Oxaliplatina;;;
Oxaliplatina Viatris 5 mg/ml;Oxaliplatina;;;
OXAZEPAM LÉČIVA;Oxazepam;;;
Oxis Turbuhaler 6 µg;Formoterol;;;
Oxycomp 10 mg/5 mg tablety s predĺženým uvoľňovaním;Oxykodón a naloxón;;;
Oxycomp 20 mg/10 mg tablety s predĺženým uvoľňovaním;Oxykodón a naloxón;;;
Oxycomp 40 mg/20 mg tablety s predĺženým uvoľňovaním;Oxykodón a naloxón;;;
Oxycomp 5 mg/2,5 mg tablety s predĺženým uvoľňovaním;Oxykodón a naloxón;;;
OxyNal 10 mg/5 mg;Oxykodón a naloxón;;;
OxyNal 20 mg/10 mg;Oxykodón a naloxón;;;
OxyNal 40 mg/20 mg;Oxykodón a naloxón;;;
OxyNal 5 mg/2,5 mg;Oxykodón a naloxón;;;
OxyNal 80 mg/40 mg;Oxykodón a naloxón;;;
Oxypro 10 mg tablety s predĺženým uvoľňovaním;Oxykodón;;;
Oxypro 20 mg tablety s predĺženým uvoľňovaním;Oxykodón;;;
Oxypro 40 mg tablety s predĺženým uvoľňovaním;Oxykodón;;;
Oxypro 80 mg tablety s predĺženým uvoľňovaním;Oxykodón;;;
Oyavas 25 mg/ml koncentrát na infúzny roztok;Bevacizumab;;;
Oyavas 25 mg/ml koncentrát na infúzny roztok;Bevacizumab;;;
Ozempic 0,25 mg injekčný roztok v naplnenom pere;Semaglutid;;;
Ozempic 0,5 mg injekčný roztok v naplnenom pere;Semaglutid;;;
Ozempic 1 mg injekčný roztok v naplnenom pere;Semaglutid;;;
OZURDEX 700 mikrogramov intravitreálny implantát s aplikátorom;Dexametazón;;;
Ozzion 20 mg gastrorezistentné tablety;Pantoprazol;;;
Ozzion 20 mg gastrorezistentné tablety;Pantoprazol;;;
Ozzion 40 mg gastrorezistentné tablety;Pantoprazol;;;
Ozzion 40 mg gastrorezistentné tablety;Pantoprazol;;;
Paclitaxel Accord 6 mg/ml infúzny koncentrát;Paklitaxel;;;
Paclitaxel Accord 6 mg/ml koncentrát na infúzny roztok;Paklitaxel;;;
Paclitaxel Kabi 6 mg/ml;Paklitaxel;;;
Paclitaxel Kabi 6 mg/ml;Paklitaxel;;;
Paclitaxel Kabi 6 mg/ml;Paklitaxel;;;
Paclitaxel Sandoz 6 mg/ ml;Paklitaxel;;;
Paclitaxel Sandoz 6 mg/ ml;Paklitaxel;;;
Paclitaxel Sandoz 6 mg/ ml;Paklitaxel;;;
Palexia 20 mg/ml perorálny roztok;Tapentadol;;;
PALEXIA 50 mg filmom obalené tablety;Tapentadol;;;
PALEXIA retard 100 mg tablety s predĺženým uvoľňovaním;Tapentadol;;;
PALEXIA retard 150 mg tablety s predĺženým uvoľňovaním;Tapentadol;;;
PALEXIA retard 200 mg tablety s predĺženým uvoľňovaním;Tapentadol;;;
PALEXIA retard 250 mg tablety s predĺženým uvoľňovaním;Tapentadol;;;
PALEXIA retard 50 mg tablety s predĺženým uvoľňovaním;Tapentadol;;;
Paliperidón STADA 100 mg injekčná suspenzia s predĺženým uvoľňovaním v naplnenej injekčnej striekačke;Paliperidón;;;
Paliperidón STADA 150 mg injekčná suspenzia s predĺženým uvoľňovaním v naplnenej injekčnej striekačke;Paliperidón;;;
Paliperidón STADA 50 mg injekčná suspenzia s predĺženým uvoľňovaním v naplnenej injekčnej striekačke;Paliperidón;;;
Paliperidón STADA 75 mg injekčná suspenzia s predĺženým uvoľňovaním v naplnenej injekčnej striekačke;Paliperidón;;;
Paliperidón Teva 100 mg injekčná suspenzia s predĺženým uvoľňovaním;Paliperidón;;;
Paliperidón Teva 150 mg injekčná suspenzia s predĺženým uvoľňovaním;Paliperidón;;;
Paliperidón Teva 75 mg injekčná suspenzia s predĺženým uvoľňovaním;Paliperidón;;;
PALLADONE-SR capsules 16 mg;Hydromorfón;;;
PALLADONE-SR capsules 2 mg;Hydromorfón;;;
PALLADONE-SR capsules 4 mg;Hydromorfón;;;
PALLADONE-SR capsules 8 mg;Hydromorfón;;;
Palonosetron Accord 250 mikrogramov injekčný roztok;Palonosetrón;;;
Palonosetron Fresenius Kabi 250 mikrogramov injekčný roztok;Palonosetrón;;;
Pamifos;Kyselina pamidrónová;;;
Pamifos;Kyselina pamidrónová;;;
Pamifos;Kyselina pamidrónová;;;
Pangrol 20 000;Multienzýmy (lipáza, proteáza a ďalšie);;;
Pantomyl 20 mg;Pantoprazol;;;
Pantomyl 20 mg;Pantoprazol;;;
Pantomyl 40 mg;Pantoprazol;;;
Pantomyl 40 mg;Pantoprazol;;;
Pantoprazol Sandoz 20 mg gastrorezistentné tablety;Pantoprazol;;;
Pantoprazol Sandoz 20 mg gastrorezistentné tablety;Pantoprazol;;;
Pantoprazol Sandoz 40 mg gastrorezistentné tablety;Pantoprazol;;;
Pantoprazol Sandoz 40 mg gastrorezistentné tablety;Pantoprazol;;;
Panzyga;Normálne ľudské imunoglobulíny na intravenózne použitie;;;
Panzyga;Normálne ľudské imunoglobulíny na intravenózne použitie;;;
Panzyga;Normálne ľudské imunoglobulíny na intravenózne použitie;;;
Panzynorm forte-N;Multienzýmy (lipáza, proteáza a ďalšie);;;
Panzynorm forte-N;Multienzýmy (lipáza, proteáza a ďalšie);;;
Paretin 20 mg;Paroxetín;;;
Parnido 3 mg tablety s predĺženým uvoľňovaním;Paliperidón;;;
Parnido 6 mg tablety s predĺženým uvoľňovaním;Paliperidón;;;
Parnido 9 mg tablety s predĺženým uvoľňovaním;Paliperidón;;;
Paxlovid 150 mg + 100 mg filmom obalené tablety;Nirmatrelvir a ritonavir;;;
Pazopanib Accord 200 mg filmom obalené tablety;Pazopanib;;;
Pazopanib Accord 400 mg filmom obalené tablety;Pazopanib;;;
Pazopanib G.L. Pharma 200 mg filmom obalené tablety;Pazopanib;;;
Pazopanib G.L. Pharma 400 mg filmom obalené tablety;Pazopanib;;;
Pazopanib Gedeon Richter 200 mg filmom obalené tablety;Pazopanib;;;
Pazopanib Gedeon Richter 400 mg filmom obalené tablety;Pazopanib;;;
Pazopanib Glenmark 200 mg filmom obalené tablety;Pazopanib;;;
Pazopanib Glenmark 400 mg filmom obalené tablety;Pazopanib;;;
Pazopanib STADA 200 mg;Pazopanib;;;
Pazopanib STADA 400 mg;Pazopanib;;;
Pazopanib Teva 200 mg filmom obalené tablety;Pazopanib;;;
Pazopanib Teva 400 mg filmom obalené tablety;Pazopanib;;;
Pazopanib Zentiva 200 mg;Pazopanib;;;
Pazopanib Zentiva 400 mg;Pazopanib;;;
Pegasys 180 mikrogramov injekčný roztok v naplnenej injekčnej striekačke;Peginterferón alfa-2a;;;
Pelgraz 6 mg injekčný roztok naplnený v injekčnej striekačke;Pegfilgrastim;;;
Pelgraz 6 mg injekčný roztok v naplnenom injektore;Pegfilgrastim;;;
Pelmeg 6 mg injekčný roztok naplnený v injekčnej striekačke;Pegfilgrastim;;;
Pemetrexed EVER Pharma 25 mg/ml koncentrát na infúzny roztok;Pemetrexed;;;
Pemetrexed EVER Pharma 25 mg/ml koncentrát na infúzny roztok;Pemetrexed;;;
Pemetrexed EVER Pharma 25 mg/ml koncentrát na infúzny roztok;Pemetrexed;;;
Pemetrexed Fresenius Kabi 25 mg/ml infúzny koncentrát;Pemetrexed;;;
Pemetrexed Fresenius Kabi 25 mg/ml infúzny koncentrát;Pemetrexed;;;
Pemetrexed Pharmevid 500 mg prášok na koncentrát na infúzny roztok;Pemetrexed;;;
Pemetrexed STADA 25 mg/ml koncentrát na infúzny roztok;Pemetrexed;;;
Pemetrexed STADA 25 mg/ml koncentrát na infúzny roztok;Pemetrexed;;;
Penbene;Fenoxymetylpenicilín;;;
Penbene 1,5 mil. IU;Fenoxymetylpenicilín;;;
Penester;Finasterid;;;
Penlac 500 mg/125 mg;Amoxicilín a inhibítor betalaktamázy;;;
Penlac 875 mg/125 mg;Amoxicilín a inhibítor betalaktamázy;;;
Pentasa;Mesalazín;;;
Pentasa Sachet 2 g;Mesalazín;;;
Pentasa Sachet 4 g;Mesalazín;;;
Pentasa Slow release tablets 1 g;Mesalazín;;;
Pentasa Slow release tablets 500 mg;Mesalazín;;;
Pergoveris (300 IU + 150 IU)/0,48 ml injekčný roztok v naplnenom pere;Gonadotropíny, kombinácie;;;
Pergoveris (450 IU + 225 IU)/0,72 ml injekčný roztok v naplnenom pere;Gonadotropíny, kombinácie;;;
Pergoveris (900 IU + 450 IU)/1,44 ml injekčný roztok v naplnenom pere;Gonadotropíny, kombinácie;;;
Perindamlostad 4 mg/10 mg tablety;Perindopril a amlodipín;;;
Perindamlostad 4 mg/10 mg tablety;Perindopril a amlodipín;;;
Perindamlostad 4 mg/5 mg tablety;Perindopril a amlodipín;;;
Perindamlostad 4 mg/5 mg tablety;Perindopril a amlodipín;;;
Perindamlostad 8 mg/10 mg tablety;Perindopril a amlodipín;;;
Perindamlostad 8 mg/10 mg tablety;Perindopril a amlodipín;;;
PERINDASAN 2 mg/0,625 mg tablety;Perindopril a diuretiká;;;
PERINDASAN 4 mg/1,25 mg tablety;Perindopril a diuretiká;;;
PERINDASAN 4 mg/1,25 mg tablety;Perindopril a diuretiká;;;
Perindocombi 2 mg/0,625 mg;Perindopril a diuretiká;;;
Perindocombi 2 mg/0,625 mg;Perindopril a diuretiká;;;
Perindocombi 4 mg/1,25 mg;Perindopril a diuretiká;;;
Perindocombi 4 mg/1,25 mg;Perindopril a diuretiká;;;
Perindopril FMK 4 mg;Perindopril;;;
Perindopril FMK 4 mg;Perindopril;;;
Perindopril ratiopharm 8 mg;Perindopril;;;
Perindopril ratiopharm 8 mg;Perindopril;;;
Perindopril Viatris 4 mg;Perindopril;;;
Perindopril-arginín/indapamid/amlodipín Teva 10 mg/2,5 mg/10 mg;Perindopril,amlodipín a indapamid;;;
Perindopril-arginín/indapamid/amlodipín Teva 10 mg/2,5 mg/10 mg;Perindopril,amlodipín a indapamid;;;
Perindopril-arginín/indapamid/amlodipín Teva 10 mg/2,5 mg/5 mg;Perindopril,amlodipín a indapamid;;;
Perindopril-arginín/indapamid/amlodipín Teva 10 mg/2,5 mg/5 mg;Perindopril,amlodipín a indapamid;;;
Perindopril-arginín/indapamid/amlodipín Teva 5 mg/1,25 mg/10 mg;Perindopril,amlodipín a indapamid;;;
Perindopril-arginín/indapamid/amlodipín Teva 5 mg/1,25 mg/10 mg;Perindopril,amlodipín a indapamid;;;
Perindopril-arginín/indapamid/amlodipín Teva 5 mg/1,25 mg/5 mg;Perindopril,amlodipín a indapamid;;;
Perindopril-arginín/indapamid/amlodipín Teva 5 mg/1,25 mg/5 mg;Perindopril,amlodipín a indapamid;;;
Perindopril-ratiopharm 4 mg;Perindopril;;;
Perindopril-ratiopharm 4 mg;Perindopril;;;
Perindopril/Indapamid/Amlodipín STADA 10 mg/2,5 mg/10 mg;Perindopril,amlodipín a indapamid;;;
Perindopril/Indapamid/Amlodipín STADA 10 mg/2,5 mg/10 mg;Perindopril,amlodipín a indapamid;;;
Perindopril/Indapamid/Amlodipín STADA 10 mg/2,5 mg/5 mg;Perindopril,amlodipín a indapamid;;;
Perindopril/Indapamid/Amlodipín STADA 10 mg/2,5 mg/5 mg;Perindopril,amlodipín a indapamid;;;
Perindopril/Indapamid/Amlodipín STADA 5 mg/1,25 mg/5 mg;Perindopril,amlodipín a indapamid;;;
Perindopril/Indapamid/Amlodipín STADA 5 mg/1,25 mg/5 mg;Perindopril,amlodipín a indapamid;;;
Perindostad Kombi 2 mg/0,625 mg tablety;Perindopril a diuretiká;;;
Perindostad Kombi 4 mg/1,25 mg tablety;Perindopril a diuretiká;;;
Perindostad Kombi 4 mg/1,25 mg tablety;Perindopril a diuretiká;;;
Perjeta 420 mg infúzny koncentrát;Pertuzumab;;;
Permethrin Axonia 50 mg/g gél;Permetrín;;;
Permethrin Axonia 50 mg/g gél;Permetrín;;;
Petinimid cps;Etosuximid;;;
Phacebonate 50 mg filmom obalené tablety;Kyselina ibandrónová;;;
Phenaemal;Fenobarbital;;;
Phenaemaletten;Fenobarbital;;;
Phesgo 1 200 mg/600 mg injekčný roztok;Pertuzumab a trastuzumab;;;
Phesgo 600 mg/600 mg injekčný roztok;Pertuzumab a trastuzumab;;;
PICOPREP;Dinátriumpikosulfát, kombinácie;;;
Pioglitazone Accord 30 mg tablety;Pioglitazón;;;
Pioglitazone Accord 45 mg tablety;Pioglitazón;;;
Pioglitazone Actavis 30 mg tablety;Pioglitazón;;;
Pioglitazone Actavis 45 mg tablety;Pioglitazón;;;
Piperacillin/Tazobactam Viatris 4 g/0,5 g;Piperacilín a inhibítor betalaktamázy;;;
Piramil 10 mg;Ramipril;;;
Piramil 5 mg;Ramipril;;;
PK-Merz;Amantadín;;;
PK-Merz 0,4 mg/ml infúzny roztok;Amantadín;;;
Plaquenil 200 mg;Hydroxychlorochín;;;
Plegridy 125 mikrogramov injekčný roztok naplnený v injekčnom pere;Peginterferón beta-1a;;;
Plegridy 63 mikrogramov injekčný roztok naplnený v injekčnom pere, Plegridy 94 mikrogramov injekčný roztok naplnený v injekčnom pere;Peginterferón beta-1a;;;
Plenvu;Makrogol, kombinácie;;;
Plexxo 100 mg;Lamotrigín;;;
Plexxo 50 mg;Lamotrigín;;;
Pneumovax 23;Očkovacia látka proti pneumokokom, purifikovaný polysacharidový antigén;;;
Polinail;Ciklopirox;;;
Polivy 140 mg prášok na koncentrát na infúzny roztok;Polatuzumab-vedotín;;;
Polivy 30 mg prášok na koncentrát na infúzny roztok;Polatuzumab-vedotín;;;
POLLINEX Rye;Trávové pele;;;
POLLINEX Rye;Trávové pele;;;
POLLINEX Tree;Stromové pele;;;
POLLINEX Tree;Stromové pele;;;
POLYGYNAX;Nystatín, kombinácie;;;
POLYOXIDONIUM 6 mg;Iné imunostimulanciá (zmena WHO);;;
Pomalidomid Grindeks 4 mg tvrdé kapsuly;Pomalidomid;;;
Pomalidomid STADA 3 mg tvrdé kapsuly;Pomalidomid;;;
Pomalidomid STADA 4 mg tvrdé kapsuly;Pomalidomid;;;
Pomalidomid Teva 1 mg tvrdé kapsuly;Pomalidomid;;;
Pomalidomid Teva 4 mg tvrdé kapsuly;Pomalidomid;;;
Pomalidomide Accord 4 mg tvrdé kapsuly;Pomalidomid;;;
Pomalidomide Krka 4 mg tvrdé kapsuly;Pomalidomid;;;
Pomalidomide Sandoz 1 mg;Pomalidomid;;;
Pomalidomide Sandoz 2 mg;Pomalidomid;;;
Pomalidomide Sandoz 3 mg;Pomalidomid;;;
Pomalidomide Sandoz 4 mg;Pomalidomid;;;
Ponvory 20 mg filmom obalené tablety;Ponesimod;;;
Posaconazole Sandoz 100 mg;Posakonazol;;;
Posaconazole STADA 100 mg gastrorezistentné tablety;Posakonazol;;;
Posaconazole Zentiva;Posakonazol;;;
Posakonazol STADA;Posakonazol;;;
Posakonazol Teva 100 mg gastrorezistentné tablety;Posakonazol;;;
POTELIGEO 4 mg/ml koncentrát na infúzny roztok;Mogamulizumab;;;
Pradaxa 110 mg tvrdé kapsuly;Dabigatránetexilát;;;
Pradaxa 110 mg tvrdé kapsuly;Dabigatránetexilát;;;
Pradaxa 150 mg tvrdé kapsuly;Dabigatránetexilát;;;
Pradaxa 150 mg tvrdé kapsuly;Dabigatránetexilát;;;
Pragiola 150 mg tvrdé kapsuly;Pregabalín;;;
Pragiola 300 mg tvrdé kapsuly;Pregabalín;;;
Pragiola 75 mg tvrdé kapsuly;Pregabalín;;;
Praluent 150 mg injekčný roztok naplnený v injekčnom pere;Alirocumab;;;
Praluent 300 mg injekčný roztok naplnený v injekčnom pere;Alirocumab;;;
Praluent 75 mg injekčný roztok naplnený v injekčnom pere;Alirocumab;;;
Pramipexol STADA  0,18 mg tablety;Pramipexol;;;
Pramipexol STADA  0,7 mg tablety;Pramipexol;;;
Pramipexol Teva Pharma 0,26 mg;Pramipexol;;;
Pramipexol Teva Pharma 0,52 mg;Pramipexol;;;
Pramipexol Teva Pharma 1,05 mg;Pramipexol;;;
Pramipexol Teva Pharma 2,1 mg;Pramipexol;;;
Pramipexol Teva Pharma 2,62 mg;Pramipexol;;;
Preato 150 mg tablety;Pregabalín;;;
Preato 300 mg tablety;Pregabalín;;;
Preato 75 mg tablety;Pregabalín;;;
Prednison 20 Léčiva;Prednizón;;;
Prednison 5 Léčiva;Prednizón;;;
Prednisone Olikla 10 mg;Prednizón;;;
Prednisone Olikla 20 mg;Prednizón;;;
Prednisone Olikla 5 mg;Prednizón;;;
PREDUCTAL MR;Trimetazidín;;;
PREDUCTAL MR;Trimetazidín;;;
Pregabalin Medreg 150 mg;Pregabalín;;;
Pregabalin Medreg 75 mg;Pregabalín;;;
Pregabalin Reddy 150 mg tvrdé kapsuly;Pregabalín;;;
Pregabalin Reddy 150 mg tvrdé kapsuly;Pregabalín;;;
Pregabalin Reddy 300 mg tvrdé kapsuly;Pregabalín;;;
Pregabalin Reddy 75 mg tvrdé kapsuly;Pregabalín;;;
Pregabalin Reddy 75 mg tvrdé kapsuly;Pregabalín;;;
Pregabalin Sandoz 150 mg tvrdé kapsuly;Pregabalín;;;
Pregabalin Sandoz 300 mg tvrdé kapsuly;Pregabalín;;;
Pregabalin Sandoz 75 mg tvrdé kapsuly;Pregabalín;;;
Pregabalin STADA Arzneimittel 150 mg;Pregabalín;;;
Pregabalin STADA Arzneimittel 300 mg;Pregabalín;;;
Pregabalin STADA Arzneimittel 75 mg;Pregabalín;;;
Pregabalin Viatris 150 mg tvrdé kapsuly;Pregabalín;;;
Pregabalin Viatris 300 mg tvrdé kapsuly;Pregabalín;;;
Pregabalin Viatris 75 mg tvrdé kapsuly;Pregabalín;;;
Pregabalin Zentiva 150 mg tvrdé kapsuly;Pregabalín;;;
Pregabalin Zentiva 300 mg tvrdé kapsuly;Pregabalín;;;
Pregabalin Zentiva 75 mg tvrdé kapsuly;Pregabalín;;;
Pregamid 150 mg tvrdé kapsuly;Pregabalín;;;
Pregamid 75 mg tvrdé kapsuly;Pregabalín;;;
PRENESSA 4 mg;Perindopril;;;
PRENESSA 4 mg;Perindopril;;;
Prenessa 8 mg;Perindopril;;;
Prenessa 8 mg;Perindopril;;;
Prenessa Neo 10 mg tablety;Perindopril;;;
Prenessa Neo 10 mg tablety;Perindopril;;;
Prenessa Neo 5 mg tablety;Perindopril;;;
Prenessa Neo 5 mg tablety;Perindopril;;;
PRESTANCE 10 mg/10 mg;Perindopril a amlodipín;;;
PRESTANCE 10 mg/10 mg;Perindopril a amlodipín;;;
PRESTANCE 10 mg/5 mg;Perindopril a amlodipín;;;
PRESTANCE 10 mg/5 mg;Perindopril a amlodipín;;;
PRESTANCE 5 mg/10 mg;Perindopril a amlodipín;;;
PRESTANCE 5 mg/10 mg;Perindopril a amlodipín;;;
PRESTANCE 5 mg/5 mg;Perindopril a amlodipín;;;
PRESTANCE 5 mg/5 mg;Perindopril a amlodipín;;;
PRESTANCE INITIO 3,5 mg/2,5 mg;Perindopril a amlodipín;;;
PRESTANCE INITIO 3,5 mg/2,5 mg;Perindopril a amlodipín;;;
PRESTANCE INITIO 7 mg/5 mg;Perindopril a amlodipín;;;
PRESTANCE INITIO 7 mg/5 mg;Perindopril a amlodipín;;;
PRESTARIUM A 10 mg;Perindopril;;;
PRESTARIUM A 10 mg;Perindopril;;;
PRESTARIUM A 5 mg;Perindopril;;;
PRESTARIUM A 5 mg;Perindopril;;;
PRESTARIUM COMBI A;Perindopril a diuretiká;;;
PRESTARIUM COMBI A;Perindopril a diuretiká;;;
PRESTARIUM forte COMBI A;Perindopril a diuretiká;;;
PRESTARIUM forte COMBI A;Perindopril a diuretiká;;;
Prestilol  5 mg/10 mg;Perindopril a bisoprolol;;;
Prestilol  5 mg/10 mg;Perindopril a bisoprolol;;;
Prestilol 10 mg/10 mg;Perindopril a bisoprolol;;;
Prestilol 10 mg/10 mg;Perindopril a bisoprolol;;;
Prestilol 10 mg/5 mg;Perindopril a bisoprolol;;;
Prestilol 10 mg/5 mg;Perindopril a bisoprolol;;;
Prestilol 5 mg/5 mg;Perindopril a bisoprolol;;;
Prestilol 5 mg/5 mg;Perindopril a bisoprolol;;;
Prevenar 13 injekčná suspenzia;Očkovacia látka proti pneumokokom, purifikovaný polysacharidový antigén konjugovaný;;;
Prevenar 20 (pôvodne Apexxnar) injekčná suspenzia v naplnenej injekčnej striekačke;Očkovacia látka proti pneumokokom, purifikovaný polysacharidový antigén konjugovaný;;;
Preventax 100 mg;Kyselina acetylsalicylová;;;
PREVYMIS 240 mg filmom obalené tablety;Letermovir;;;
Priamlo 4 mg/5 mg;Perindopril a amlodipín;;;
Priamlo 4 mg/5 mg;Perindopril a amlodipín;;;
Primovist 0,25 mmol/ ml, injekčný roztok, naplnená injekčná striekačka;Kyselina gadoxetová;;;
Primovist 0,25 mmol/ ml, injekčný roztok, naplnená injekčná striekačka;Kyselina gadoxetová;;;
Prindex 4 mg;Perindopril;;;
Prindex 4 mg;Perindopril;;;
Prindex 8 mg;Perindopril;;;
Prindex 8 mg;Perindopril;;;
Prindex Combi 4 mg/1,25 mg;Perindopril a diuretiká;;;
Prindex Combi 4 mg/1,25 mg;Perindopril a diuretiká;;;
Prindex Combi 4 mg/1,25 mg;Perindopril a diuretiká;;;
Prindex Combi 4 mg/1,25 mg;Perindopril a diuretiká;;;
Priorix;Očkovacia látka proti osýpkam, kombinácie s mumpsom a ružienkou, živá oslabená;;;
Privigen 100 mg/ml infúzny intravenózny roztok;Normálne ľudské imunoglobulíny na intravenózne použitie;;;
Privigen 100 mg/ml infúzny intravenózny roztok;Normálne ľudské imunoglobulíny na intravenózne použitie;;;
Privigen 100 mg/ml infúzny intravenózny roztok;Normálne ľudské imunoglobulíny na intravenózne použitie;;;
Privigen 100 mg/ml infúzny intravenózny roztok;Normálne ľudské imunoglobulíny na intravenózne použitie;;;
Procoralan 5 mg filmom obalené tablety;Ivabradín;;;
Prograf 1 mg;Takrolimus;;;
Prograf 5 mg;Takrolimus;;;
ProHance;Gadoteridol;;;
Prokanazol 100 mg;Itrakonazol;;;
Prokanazol 100 mg;Itrakonazol;;;
Prolia 60 mg injekčný roztok v naplnenej injekčnej striekačke;Denosumab;;;
PROPANORM 150 mg;Propafenón;;;
PROPANORM 300 mg;Propafenón;;;
Propycil 50;Propyltiouracil;;;
Prostavasin;Alprostadil;;;
Protevasc 35 mg tablety s predĺženým uvoľňovaním;Trimetazidín;;;
Protevasc 35 mg tablety s predĺženým uvoľňovaním;Trimetazidín;;;
Prothazin;Prometazín;;;
PROTHIADEN 25;Dosulepín;;;
Prothiaden 75;Dosulepín;;;
Protopic 0,03 % masť;Takrolimus;;;
Protopic 0,1 % masť;Takrolimus;;;
Pulmozyme;Alfadornáza (deoxyribonukleáza);;;
PURIVIST;Epinastín;;;
Pyzchiva 130 mg koncentrát na infúzny roztok;Ustekinumab;;;
Pyzchiva 45 mg injekčný roztok naplnený v injekčnej striekačke;Ustekinumab;;;
Pyzchiva 45 mg injekčný roztok naplnený v injekčnom pere;Ustekinumab;;;
Pyzchiva 90 mg injekčný roztok naplnený v injekčnej striekačke;Ustekinumab;;;
Pyzchiva 90 mg injekčný roztok naplnený v injekčnom pere;Ustekinumab;;;
Questax XR 200 mg tablety s predĺženým uvoľňovaním;Kvetiapín;;;
Questax XR 300 mg tablety s predĺženým uvoľňovaním;Kvetiapín;;;
Quetiapin Sandoz 200 mg;Kvetiapín;;;
Quetiapin Sandoz 300 mg;Kvetiapín;;;
Quetiapine Viatris 100 mg;Kvetiapín;;;
Quetiapine Viatris 200 mg;Kvetiapín;;;
Quetiapine Viatris 300 mg;Kvetiapín;;;
Quinsair 240 mg roztok pre rozprašovač;Levofloxacín;;;
Qutenza 179 mg dermálna náplasť;Kapsaicín;;;
Raenom 5 mg filmom obalené tablety;Ivabradín;;;
Raenom 7,5 mg filmom obalené tablety;Ivabradín;;;
RAGWIZAX;Kvety;;;
RAGWIZAX;Kvety;;;
Ralago 1 mg tablety;Razagilín;;;
Ralago 1 mg tablety;Razagilín;;;
Ralbior 10 mg/5 mg;Ramipril a bizoprolol;;;
Ralbior 2,5 mg/2,5 mg;Ramipril a bizoprolol;;;
Ralbior 5 mg/2,5 mg;Ramipril a bizoprolol;;;
Ralbior 5 mg/5 mg;Ramipril a bizoprolol;;;
Ramipril Actavis 10 mg;Ramipril;;;
Ramipril Actavis 10 mg;Ramipril;;;
Ramipril Actavis 2,5 mg;Ramipril;;;
Ramipril Actavis 5 mg;Ramipril;;;
Ramipril Actavis 5 mg;Ramipril;;;
Ramipril H 2,5 mg/12,5 mg Actavis;Ramipril a diuretiká;;;
Ramipril H 5 mg/25 mg Actavis;Ramipril a diuretiká;;;
Ranivisio 10 mg/ml injekčný roztok;Ranibizumab;;;
Ranivisio 10 mg/ml injekčný roztok v naplnenej injekčnej striekačke;Ranibizumab;;;
Rapamune 1 mg obalené tablety;Sirolimus;;;
Raponer 2 mg;Ropinirol;;;
Raponer 4 mg;Ropinirol;;;
Raponer 8 mg;Ropinirol;;;
Rasagiline Sandoz 1 mg tablety;Razagilín;;;
Rasagiline Stada;Razagilín;;;
Rasagiline Viatris 1 mg tablety;Razagilín;;;
RASAGILINE VIPHARM;Razagilín;;;
Rasetron 2 mg;Granisetrón;;;
Rasigerolan 1 mg tablety;Razagilín;;;
Ratiograstim 30 MIU/0,5 ml injekčný alebo infúzny roztok;Filgrastim;;;
Ratiograstim 48 MIU/0,8 ml injekčný alebo infúzny roztok;Filgrastim;;;
RAVICTI 1,1 g/ml perorálna kvapalina;Glycerolfenylbutyrát;;;
RAWEL SR;Indapamid;;;
RAWEL SR;Indapamid;;;
Razagilin ratiopharm 1 mg tablety;Razagilín;;;
Razagilin ratiopharm 1 mg tablety;Razagilín;;;
Razarxo 15 mg filmom obalené tablety;Rivaroxabán;;;
Razarxo 15 mg filmom obalené tablety;Rivaroxabán;;;
Razarxo 15 mg filmom obalené tablety;Rivaroxabán;;;
Razarxo 20 mg filmom obalené tablety;Rivaroxabán;;;
Razarxo 20 mg filmom obalené tablety;Rivaroxabán;;;
Reagila 1,5 mg dispergovateľné tablety;Kariprazín;;;
Reagila 1,5 mg tvrdé kapsuly;Kariprazín;;;
Reagila 3 mg dispergovateľné tablety;Kariprazín;;;
Reagila 3 mg tvrdé kapsuly;Kariprazín;;;
Reagila 4,5 mg dispergovateľné tablety;Kariprazín;;;
Reagila 4,5 mg tvrdé kapsuly;Kariprazín;;;
Reagila 6 mg tvrdé kapsuly;Kariprazín;;;
Rebif 44 mikrogramov injekčný roztok v naplnenom pere;Interferón beta-1a;;;
Rebif 44 mikrogramov/0,5 ml injekčný roztok v náplni;Interferón beta-1a;;;
Rectogesic 4 mg/g rektálna masť;Glyceroltrinitrát;;;
ReFacto AF 1000 IU, prášok a rozpúšťadlo na injekčný roztok;Koagulačný faktor VIII;;;
ReFacto AF 250 IU, prášok a rozpúšťadlo na injekčný roztok;Koagulačný faktor VIII;;;
ReFacto AF 500 IU, prášok a rozpúšťadlo na injekčný roztok;Koagulačný faktor VIII;;;
Refixia 1000 IU prášok a rozpúšťadlo na injekčný roztok;Koagulačný faktor IX;;;
Refixia 500 IU prášok a rozpúšťadlo na injekčný roztok;Koagulačný faktor IX;;;
Refocil;Piperacilín a inhibítor betalaktamázy;;;
REKOVELLE 12 mikrogramov/0,36 ml injekčný roztok v naplnenom pere;Folitropín delta;;;
REKOVELLE 36 mikrogramov/1,08 ml injekčný roztok v naplnenom pere;Folitropín delta;;;
REKOVELLE 72 mikrogramov/2,16 ml injekčný roztok v naplnenom pere;Folitropín delta;;;
Relistor 12 mg/0,6 ml injekčný roztok;Metylnatrexóniumbromid;;;
RELPAX 40 mg;Eletriptán;;;
Relvar Ellipta 184 mikrogramov/22 mikrogramov dávkovaný inhalačný prášok;Vilanterol a flutikazónfuroát;;;
Relvar Ellipta 92 mikrogramov/22 mikrogramov dávkovaný inhalačný prášok;Vilanterol a flutikazónfuroát;;;
Remicade 100 mg prášok na prípravu infúzneho koncentrátu;Infliximab;;;
Remsima 100 mg prášok na infúzny koncentrát;Infliximab;;;
Remsima 120 mg injekčný roztok naplnený v injekčnom pere;Infliximab;;;
Remurel 20 mg/ml;Glatirameracetát;;;
Remurel 40 mg/ml;Glatirameracetát;;;
RENEMED 10 mg;Solifenacín;;;
Repatha 140 mg injekčný roztok naplnený v injekčnom pere;Evolokumab;;;
Replagal 1 mg/ml infúzny koncentrát;Alfa-agalzidáza;;;
REQUIP-MODUTAB 4 mg;Ropinirol;;;
REQUIP-MODUTAB 8 mg;Ropinirol;;;
Reseligo 10,8 mg;Goserelín;;;
Reseligo 3,6 mg;Goserelín;;;
Resolor 1 mg filmom obalené tablety;Prukaloprid;;;
Resolor 2 mg filmom obalené tablety;Prukaloprid;;;
Retsevmo 40 mg filmom obalené tablety;Selperkatinib;;;
Retsevmo 40 mg tvrdé kapsuly;Selperkatinib;;;
Retsevmo 80 mg filmom obalené tablety;Selperkatinib;;;
Retsevmo 80 mg tvrdé kapsuly;Selperkatinib;;;
Revatio 20 mg filmom obalené tablety;Sildenafil;;;
Revestive 1,25 mg prášok a rozpúšťadlo na injekčný roztok;Teduglutid;;;
Revestive 5 mg prášok a rozpúšťadlo na injekčný roztok;Teduglutid;;;
Revolade 25 mg filmom obalené tablety;Eltrombopag;;;
Revolade 50 mg filmom obalené tablety;Eltrombopag;;;
Rhefluin;Hydrochlorotiazid a diuretiká šetriace draslík;;;
Rhophylac 300 mikrogramov/2 ml;Ľudský imunoglobulín anti-D (Rh);;;
RIBAS 15 mg filmom obalené tablety;Rivaroxabán;;;
RIBAS 15 mg filmom obalené tablety;Rivaroxabán;;;
RIBAS 20 mg filmom obalené tablety;Rivaroxabán;;;
RIBAS 20 mg filmom obalené tablety;Rivaroxabán;;;
Rilmenidin Teva 1 mg;Rilmenidín;;;
Rilmenidin Teva 1 mg;Rilmenidín;;;
Rilmex 1 mg tablety;Rilmenidín;;;
Rilmex 1 mg tablety;Rilmenidín;;;
RINVOQ 15 mg tablety s predĺženým uvoľňovaním;Upadacitinib;;;
RINVOQ 15 mg tablety s predĺženým uvoľňovaním;Upadacitinib;;;
RISENDROS 35 mg;Kyselina risedrónová;;;
Rispen 1;Risperidón;;;
Rispen 2;Risperidón;;;
Rispen 2;Risperidón;;;
Rispen 3;Risperidón;;;
RISPERDAL CONSTA 37,5 mg prášok a disperzné prostredie na injekčnú suspenziu s predĺženým uvoľňovaním;Risperidón;;;
RISPERDAL CONSTA 50 mg prášok a disperzné prostredie na injekčnú suspenziu s predĺženým uvoľňovaním;Risperidón;;;
Risperidon Orion 1 mg/ml perorálny roztok;Risperidón;;;
RISTIDIC 1,5 mg tvrdé kapsuly;Rivastigmín;;;
RISTIDIC 3 mg tvrdé kapsuly;Rivastigmín;;;
RISTIDIC 4,5 mg tvrdé kapsuly;Rivastigmín;;;
RISTIDIC 6 mg tvrdé kapsuly;Rivastigmín;;;
Ritonavir Viatris 100 mg filmom obalené tablety;Ritonavir;;;
RIVAMED 15 mg;Rivaroxabán;;;
RIVAMED 15 mg;Rivaroxabán;;;
RIVAMED 20 mg;Rivaroxabán;;;
RIVAMED 20 mg;Rivaroxabán;;;
Rivaroxaban G.L. Pharma 15 mg filmom obalené tablety;Rivaroxabán;;;
Rivaroxaban G.L. Pharma 20 mg filmom obalené tablety;Rivaroxabán;;;
Rivaroxabán Sandoz 10 mg;Rivaroxabán;;;
Rivaroxabán Sandoz 15 mg;Rivaroxabán;;;
Rivaroxabán Sandoz 15 mg;Rivaroxabán;;;
Rivaroxabán Sandoz 15 mg;Rivaroxabán;;;
Rivaroxabán Sandoz 20 mg;Rivaroxabán;;;
Rivaroxabán Sandoz 20 mg;Rivaroxabán;;;
Rivaroxabán Teva 10 mg filmom obalené tablety;Rivaroxabán;;;
Rivaroxabán Teva 15 mg filmom obalené tablety;Rivaroxabán;;;
Rivaroxabán Teva 15 mg filmom obalené tablety;Rivaroxabán;;;
Rivaroxabán Teva 15 mg filmom obalené tablety;Rivaroxabán;;;
Rivaroxabán Teva 2,5 mg filmom obalené tablety;Rivaroxabán;;;
Rivaroxabán Teva 20 mg filmom obalené tablety;Rivaroxabán;;;
Rivaroxabán Teva 20 mg filmom obalené tablety;Rivaroxabán;;;
Rivaxa 15 mg filmom obalené tablety;Rivaroxabán;;;
Rivaxa 15 mg filmom obalené tablety;Rivaroxabán;;;
Rivaxa 15 mg filmom obalené tablety;Rivaroxabán;;;
Rivaxa 20 mg filmom obalené tablety;Rivaroxabán;;;
Rivaxa 20 mg filmom obalené tablety;Rivaroxabán;;;
RIVOCOR 10;Bisoprolol;;;
RIVOCOR 5;Bisoprolol;;;
RIVODARON 200;Amiodarón;;;
RIVODARON 200;Amiodarón;;;
Riximyo 100 mg koncentrát na infúzny roztok;Rituximab;;;
Riximyo 500 mg koncentrát na infúzny roztok;Rituximab;;;
Rizatriptan Sandoz 10 mg orodispergovateľné tablety;Rizatriptán;;;
Rizatriptan Viatris 10 mg;Rizatriptán;;;
RoActemra 162 mg injekčný roztok v naplnenom pere;Tocilizumab;;;
RoActemra 20 mg/ml infúzny koncentrát;Tocilizumab;;;
RoActemra 20 mg/ml infúzny koncentrát;Tocilizumab;;;
RoActemra 20 mg/ml infúzny koncentrát;Tocilizumab;;;
Rolpryna SR 2 mg tablety s predĺženým uvoľňovaním;Ropinirol;;;
Rolpryna SR 4 mg tablety s predĺženým uvoľňovaním;Ropinirol;;;
Rolpryna SR 8 mg tablety s predĺženým uvoľňovaním;Ropinirol;;;
Ropinirol Neuraxpharm 2 mg;Ropinirol;;;
Ropinirol Neuraxpharm 4 mg;Ropinirol;;;
Ropinirol Neuraxpharm 8 mg;Ropinirol;;;
Ropinirol Viatris 1 mg;Ropinirol;;;
Ropinirol Viatris 2 mg;Ropinirol;;;
ROPINSTAD retard 2 mg;Ropinirol;;;
ROPINSTAD retard 4 mg;Ropinirol;;;
ROPINSTAD retard 8 mg;Ropinirol;;;
Rosazimib 10 mg/10 mg filmom obalené tablety;Rosuvastatín a ezetimib;;;
Rosazimib 10 mg/10 mg filmom obalené tablety;Rosuvastatín a ezetimib;;;
Rosazimib 20 mg/10 mg filmom obalené tablety;Rosuvastatín a ezetimib;;;
Rosazimib 20 mg/10 mg filmom obalené tablety;Rosuvastatín a ezetimib;;;
Rosazimib 40 mg/10 mg filmom obalené tablety;Rosuvastatín a ezetimib;;;
Rosucard 10 mg filmom obalené tablety;Rosuvastatín;;;
Rosucard 10 mg filmom obalené tablety;Rosuvastatín;;;
Rosucard 10 mg filmom obalené tablety;Rosuvastatín;;;
Rosucard 10 mg filmom obalené tablety;Rosuvastatín;;;
Rosucard 20 mg filmom obalené tablety;Rosuvastatín;;;
Rosucard 20 mg filmom obalené tablety;Rosuvastatín;;;
Rosucard 20 mg filmom obalené tablety;Rosuvastatín;;;
Rosucard 20 mg filmom obalené tablety;Rosuvastatín;;;
Rosucard 40 mg filmom obalené tablety;Rosuvastatín;;;
Rosucard 40 mg filmom obalené tablety;Rosuvastatín;;;
Rosuramlon 10 mg/10 mg;Rosuvastatín a ramipril;;;
Rosuramlon 10 mg/5 mg;Rosuvastatín a ramipril;;;
Rosuramlon 20 mg/10 mg;Rosuvastatín a ramipril;;;
Rosuramlon 20 mg/5 mg;Rosuvastatín a ramipril;;;
Rotarix perorálna suspenzia v stlačiteľnej tube;Rotavírusová očkovacia látka, živá oslabená;;;
RotaTeq perorálny roztok;Rotavírusová očkovacia látka, pentavalentná, živá reasortovaná;;;
Rovamycine 3 M.I.U.;Spiramycín;;;
Roxampex 10 mg/5 mg/4 mg filmom obalené tablety;Rosuvastatín, amlodipín a perindopril;;;
Roxampex 10 mg/5 mg/8 mg filmom obalené tablety;Rosuvastatín, amlodipín a perindopril;;;
Roxampex 20 mg/10 mg/8 mg filmom obalené tablety;Rosuvastatín, amlodipín a perindopril;;;
Roxampex 20 mg/5 mg/8 mg filmom obalené tablety;Rosuvastatín, amlodipín a perindopril;;;
Roxiper 10 mg/4 mg/1,25 mg filmom obalené tablety;Rosuvastatín, perindopril a indapamid;;;
Roxiper 10 mg/8 mg/2,5 mg filmom obalené tablety;Rosuvastatín, perindopril a indapamid;;;
Roxiper 20 mg/4 mg/1,25 mg filmom obalené tablety;Rosuvastatín, perindopril a indapamid;;;
Roxiper 20 mg/8 mg/2,5 mg filmom obalené tablety;Rosuvastatín, perindopril a indapamid;;;
Rozetin 10 mg/10 mg;Rosuvastatín a ezetimib;;;
Rozetin 10 mg/10 mg;Rosuvastatín a ezetimib;;;
Rozetin 20 mg/10 mg;Rosuvastatín a ezetimib;;;
Rozetin 20 mg/10 mg;Rosuvastatín a ezetimib;;;
Rozetin 40 mg/10 mg;Rosuvastatín a ezetimib;;;
Rozlytrek 100 mg tvrdé kapsuly;Entrektinib;;;
Rozlytrek 200 mg tvrdé kapsuly;Entrektinib;;;
ROZOR 10 mg/10 mg;Rosuvastatín a ezetimib;;;
ROZOR 10 mg/10 mg;Rosuvastatín a ezetimib;;;
ROZOR 20 mg/10 mg;Rosuvastatín a ezetimib;;;
ROZOR 20 mg/10 mg;Rosuvastatín a ezetimib;;;
Rumixafen 500 mikrogramov;Roflumilast;;;
Rupafin 1 mg/ml perorálny roztok;Rupatadín;;;
Rupafin 10 mg tablety;Rupatadín;;;
Rupafin 10 mg tablety;Rupatadín;;;
Rupafin 10 mg tablety;Rupatadín;;;
Rupastad 10 mg tablety;Rupatadín;;;
Rupatadin Vivax 10 mg tablety;Rupatadín;;;
Rupatadin Vivax 10 mg tablety;Rupatadín;;;
Rupatadin Vivax 10 mg tablety;Rupatadín;;;
Rupatadine Mylan 10 mg tablety;Rupatadín;;;
Rupatadine Mylan 10 mg tablety;Rupatadín;;;
Rupatadine Mylan 10 mg tablety;Rupatadín;;;
Ruxience 100 mg infúzny koncentrát;Rituximab;;;
Ruxience 500 mg infúzny koncentrát;Rituximab;;;
Ryaltris;Mometazón, kombinácie;;;
Rybelsus 14 mg tablety;Semaglutid;;;
Rybelsus 3 mg tablety;Semaglutid;;;
Rybelsus 7 mg tablety;Semaglutid;;;
Rydapt 25 mg mäkké kapsuly;Midostaurín;;;
Ryeqo 40 mg/1 mg/0,5 mg filmom obalené tablety;Relugolix, estradiol a noretisterón;;;
Rytmonorm 150 mg;Propafenón;;;
Rytmonorm 300 mg;Propafenón;;;
Rytmonorm SR 225 mg;Propafenón;;;
Rytmonorm SR 325 mg;Propafenón;;;
Rytmonorm SR 425 mg;Propafenón;;;
Ryzodeg 100 jednotiek/ml injekčný roztok v naplnenom pere;Inzulín degludek a inzulín aspart;;;
Sabril;Vigabatrin;;;
SAGILIA 1 mg tablety;Razagilín;;;
SAGILIA 1 mg tablety;Razagilín;;;
Saizen 5,83 mg/ml injekčný roztok v náplni;Somatropín;;;
Saizen 8 mg/ml injekčný roztok v náplni;Somatropín;;;
Salofalk 1 g čapíky;Mesalazín;;;
Salofalk 1,5 g gastrorezistentný granulát s predĺženým uvoľňovaním;Mesalazín;;;
Salofalk 3 g gastrorezistentný granulát s predĺženým uvoľňovaním;Mesalazín;;;
Salofalk 4 g/60 g Klysmen;Mesalazín;;;
Salofalk 500 čapíky;Mesalazín;;;
Salofalk 500 tablety;Mesalazín;;;
Sandimmun Neoral 100 mg/ml;Cyklosporín;;;
Sandimmun Neoral 25 mg;Cyklosporín;;;
Sandimmun Neoral 50 mg;Cyklosporín;;;
SANDOMIGRAN;Pizotifén;;;
SANDOSTATIN 100 mikrogramov/1 ml injekčný/infúzny roztok;Oktreotid;;;
SANDOSTATIN 500 mikrogramov/1 ml injekčný/infúzny roztok;Oktreotid;;;
SANDOSTATIN LAR 30 mg;Oktreotid;;;
SANVAL 10 mg;Zolpidem;;;
SANVAL 10 mg;Zolpidem;;;
Saphnelo 300 mg koncentrát na infúzny roztok;Anifrolumab;;;
Sapropterin Dipharma 100mg rozpustné tablety;Sapropterín;;;
SCANLUX 300;Jopamidol;;;
SCANLUX 300;Jopamidol;;;
SCANLUX 370;Jopamidol;;;
SCANLUX 370;Jopamidol;;;
SCANLUX 370;Jopamidol;;;
SCANLUX 370;Jopamidol;;;
Seebri Breezhaler 44 mikrogramov inhalačný prášok v tvrdých kapsulách;Glykopyróniumbromid;;;
Seizpat 100 mg;Lakosamid;;;
Seizpat 150 mg;Lakosamid;;;
Seizpat 200 mg;Lakosamid;;;
Selincro 18 mg filmom obalené tablety;Nalmefén;;;
Semglee 100 jednotiek/ml injekčný roztok v naplnenom pere;Inzulín-glargin;;;
Semglee 100 jednotiek/ml injekčný roztok v naplnenom pere;Inzulín-glargin;;;
SERDOLECT 12 mg;Sertindol;;;
SERDOLECT 16 mg;Sertindol;;;
SERDOLECT 4 mg;Sertindol;;;
Seretide 125 Inhaler N;Salmeterol a flutikazón;;;
Seretide 250 Inhaler N;Salmeterol a flutikazón;;;
Seretide 50 Inhaler N;Salmeterol a flutikazón;;;
Serevent Diskus;Salmeterol;;;
Serevent Inhaler N;Salmeterol;;;
Serkep 25 mikrogramov/250 mikrogramov;Salmeterol a flutikazón;;;
SERLIFT 100 mg;Sertralín;;;
SERLIFT 50 mg;Sertralín;;;
Seroquel XR 200 mg;Kvetiapín;;;
Seroquel XR 300 mg;Kvetiapín;;;
Seroxat 20 mg;Paroxetín;;;
Sertralin Actavis 100 mg;Sertralín;;;
Sertralin Actavis 50 mg;Sertralín;;;
Sertraline Accord 100 mg filmom obalené tablety;Sertralín;;;
Sertraline Accord 50 mg filmom obalené tablety;Sertralín;;;
Sertraline Accord 50 mg filmom obalené tablety;Sertralín;;;
Setiapo 30 mg;Edoxabán;;;
Setiapo 60 mg;Edoxabán;;;
Sevelamer carbonate Heaton 800 mg filmom obalené tablety;Sevelamér;;;
Sevelamer Carbonate Viatris 800 mg;Sevelamér;;;
SEVORANE;Sevoflurán;;;
Sevredol 10 mg;Morfín;;;
Sibnayal 24 mEq granulát s predĺženým uvoľňovaním;Draslík, kombinácie;;;
Sibnayal 8 mEq granulát s predĺženým uvoľňovaním;Draslík, kombinácie;;;
Sidarso 8 mg tvrdé kapsuly;Silodozín;;;
Sidarso 8 mg tvrdé kapsuly;Silodozín;;;
Signifor 40 mg prášok a disperzné prostredie na injekčnú suspenziu;Pasireotid;;;
Signifor 60 mg prášok a disperzné prostredie na injekčnú suspenziu;Pasireotid;;;
Sigrada 10 mg filmom obalené tablety;Prasugrel;;;
Silodosin Stada 8 mg;Silodozín;;;
SIMBRINZA 10 mg/ml + 2 mg/ml očné suspenzné kvapky;Brinzolamid, kombinácie;;;
SIMBRINZA 10 mg/ml + 2 mg/ml očné suspenzné kvapky;Brinzolamid, kombinácie;;;
Simponi 50 mg injekčný roztok naplnený v injekčnej striekačke;Golimumab;;;
Simponi 50 mg injekčný roztok naplnený v injekčnej striekačke;Golimumab;;;
Simponi 50 mg injekčný roztok naplnený v injekčnom pere;Golimumab;;;
Simponi 50 mg injekčný roztok naplnený v injekčnom pere;Golimumab;;;
Simvacard 10;Simvastatín;;;
Simvacard 20;Simvastatín;;;
Simvacard 20;Simvastatín;;;
Simvacard 40;Simvastatín;;;
Simvastatin-ratiopharm 20 mg;Simvastatín;;;
Sindranol 4 mg;Ropinirol;;;
Sindranol 8 mg;Ropinirol;;;
Siofor 1000;Metformín;;;
Siofor 1000;Metformín;;;
Siofor 500;Metformín;;;
Siofor 850;Metformín;;;
Siofor SR 1000 mg tablety s predĺženým uvoľňovaním;Metformín;;;
Siofor SR 1000 mg tablety s predĺženým uvoľňovaním;Metformín;;;
Siofor SR 500 mg tablety s predĺženým uvoľňovaním;Metformín;;;
Siofor SR 750 mg tablety s predĺženým uvoľňovaním;Metformín;;;
Sipactimet 50 mg/1000 mg filmom obalené tablety;Metformín a sitagliptín;;;
Sipactimet 50 mg/1000 mg filmom obalené tablety;Metformín a sitagliptín;;;
Siranalen 150 mg tvrdé kapsuly;Pregabalín;;;
Siranalen 150 mg tvrdé kapsuly;Pregabalín;;;
Siranalen 300 mg tvrdé kapsuly;Pregabalín;;;
Siranalen 75 mg tvrdé kapsuly;Pregabalín;;;
Siranalen 75 mg tvrdé kapsuly;Pregabalín;;;
Sislaf 2,5 mg;Apixabán;;;
Sislaf 2,5 mg;Apixabán;;;
Sislaf 5 mg;Apixabán;;;
Sislaf 5 mg;Apixabán;;;
Sitagliptin Glenmark 100 mg;Sitagliptín;;;
Sitagliptin Glenmark 100 mg;Sitagliptín;;;
Sitagliptin Grindeks 50 mg filmom obalené tablety;Sitagliptín;;;
Sitagliptin STADA 100 mg filmom obalené tablety;Sitagliptín;;;
Sitagliptin STADA 100 mg filmom obalené tablety;Sitagliptín;;;
Sitagliptin/Metformin Glenmark 50 mg/1000 mg;Metformín a sitagliptín;;;
Sitagliptin/Metformin Glenmark 50 mg/1000 mg;Metformín a sitagliptín;;;
Sitagliptin/Metformin Grindeks 50 mg/1000 mg filmom obalené tablety;Metformín a sitagliptín;;;
Sitagliptin/Metformin Grindeks 50 mg/1000 mg filmom obalené teblety;Metformín a sitagliptín;;;
Sitagliptin/Metformin STADA 50 mg/1000 mg filmom obalené tablety;Metformín a sitagliptín;;;
Sitagliptin/Metformin STADA 50 mg/1000 mg filmom obalené tablety;Metformín a sitagliptín;;;
Sitagliptin/Metformin STADA 50 mg/1000 mg filmom obalené tablety;Metformín a sitagliptín;;;
Sitagliptin/Metformin Teva 50 mg/1000 mg;Metformín a sitagliptín;;;
Sitagliptin/Metformin Teva 50 mg/1000 mg;Metformín a sitagliptín;;;
Sitagliptin/Metformin Teva 50 mg/1000 mg;Metformín a sitagliptín;;;
Sitagliptin/Metformin Teva 50 mg/850 mg;Metformín a sitagliptín;;;
Sitagliptin/Metformin Teva 50 mg/850 mg;Metformín a sitagliptín;;;
Sitagliptin/Metformin Teva 50 mg/850 mg;Metformín a sitagliptín;;;
Skudexa 75 mg/25 mg filmom obalené tablety;Tramadol a dexketoprofén;;;
Skudexa 75 mg/25 mg granulát na perorálny roztok vo vrecku;Tramadol a dexketoprofén;;;
Skyrizi 75 mg injekčný roztok v naplnenej injekčnej striekačke;Rizankizumab;;;
Slenyto 1 mg tablety s predĺženým uvoľňovaním;Melatonín;;;
Slenyto 5 mg tablety s predĺženým uvoľňovaním;Melatonín;;;
Sobycombi 10 mg/5 mg tablety;Bisoprolol a iné antihypertenzíva;;;
Sobycombi 5 mg/10 mg tablety;Bisoprolol a iné antihypertenzíva;;;
Sobycombi 5 mg/5 mg tablety;Bisoprolol a iné antihypertenzíva;;;
Sobycombi 5 mg/5 mg tablety;Bisoprolol a iné antihypertenzíva;;;
Sobycor 10 mg filmom obalené tablety;Bisoprolol;;;
Sobycor 10 mg filmom obalené tablety;Bisoprolol;;;
Sobycor 2,5 mg filmom obalené tablety;Bisoprolol;;;
Sobycor 5 mg filmom obalené tablety;Bisoprolol;;;
Sobycor 5 mg filmom obalené tablety;Bisoprolol;;;
Sodium oxybate Kalceks 500 mg/ml perorálny roztok;Nátriumoxybát;;;
SOFTACORT;Hydrokortizón;;;
Sokar 8 mg tablety s predĺženým uvoľňovaním;Fesoterodín;;;
Sokar 8 mg tablety s predĺženým uvoľňovaním;Fesoterodín;;;
Solifenacin Glenmark 10 mg;Solifenacín;;;
Solifenacin Medreg 10 mg;Solifenacín;;;
Solifenacin Medreg 5 mg;Solifenacín;;;
Solifenacin Pharmevid 10 mg;Solifenacín;;;
Solifenacin PMCS 10 mg;Solifenacín;;;
Solifenacin PMCS 5 mg;Solifenacín;;;
Solifenacin STADA 10 mg;Solifenacín;;;
Solifenacin Viatris 10 mg;Solifenacín;;;
Solifenacín/Tamsulozín Belupo;Tamsulozín a solifenacín;;;
Soliflow 10 mg filmom obalené tablety;Solifenacín;;;
Soliflow 5 mg filmom obalené tablety;Solifenacín;;;
Soliris 300 mg infúzny koncentrát;Ekulizumab;;;
Solixa 10 mg;Solifenacín;;;
Soluprick;Testy na alergické choroby;;;
Solusin 50 mikrogramov/ml očné roztokové kvapky;Latanoprost;;;
Solusin 50 mikrogramov/ml očné roztokové kvapky;Latanoprost;;;
Somatuline Autogel 120 mg;Lanreotid;;;
Somatuline Autogel 60 mg;Lanreotid;;;
SOMAVERT 10 mg prášok a rozpúšťadlo na injekčný roztok;Pegvisomant;;;
SOMAVERT 15 mg prášok a rozpúšťadlo na injekčný roztok;Pegvisomant;;;
SOMAVERT 20 mg prášok a rozpúšťadlo na injekčný roztok;Pegvisomant;;;
SonoVue, 8 mikrolitrov/ml, prášok a disperzné prostredie na injekčnú suspenziu;Fluorid sírový;;;
Soolantra 10 mg/g krém;Ivermektín;;;
Sorafenib STADA;Sorafenib;;;
Sorafenib Teva 200 mg;Sorafenib;;;
Sorafenib Zentiva;Sorafenib;;;
Sorbimon 20 mg;Izosorbidmononitrát;;;
Sorbimon 20 mg;Izosorbidmononitrát;;;
Sorbimon 40 mg;Izosorbidmononitrát;;;
Sorbisterit;Polystyrénsulfonát;;;
SORTIS 80 mg;Atorvastatín;;;
SORTIS 80 mg;Atorvastatín;;;
Sorvasta 10 mg;Rosuvastatín;;;
Sorvasta 10 mg;Rosuvastatín;;;
Sorvasta 15 mg;Rosuvastatín;;;
Sorvasta 20 mg;Rosuvastatín;;;
Sorvasta 20 mg;Rosuvastatín;;;
Sorvasta 30 mg;Rosuvastatín;;;
Sorvasta 40 mg;Rosuvastatín;;;
SPASMED 15;Trospium;;;
SPASMED 30 mg;Trospium;;;
Spinraza 12 mg injekčný roztok;Nusinersen;;;
Spiolto Respimat 2,5 mikrogramu/2,5 mikrogramu inhalačný roztok;Olodaterol a tiotrópiumbromid;;;
Spiolto Respimat 2,5 mikrogramu/2,5 mikrogramu inhalačný roztok;Olodaterol a tiotrópiumbromid;;;
SPIRABEL 0,5 mg/ml perorálny roztok;Dezloratadín;;;
SPIRABEL 2,5 mg orodispergovateľné tablety;Dezloratadín;;;
SPIRABEL 2,5 mg orodispergovateľné tablety;Dezloratadín;;;
SPIRABEL 5 mg orodispergovateľné tablety;Dezloratadín;;;
SPIRABEL 5 mg orodispergovateľné tablety;Dezloratadín;;;
Spiriva 18 mikrogramov, inhalačný prášok v tvrdej kapsule;Tiotropiumbromid;;;
Spiriva Respimat;Tiotropiumbromid;;;
Spiriva Respimat;Tiotropiumbromid;;;
Spiromon 10 mg filmom obalené tablety;Montelukast;;;
Spiromon 10 mg filmom obalené tablety;Montelukast;;;
Spiromon 10 mg filmom obalené tablety;Montelukast;;;
Spiromon 4 mg žuvacie tablety;Montelukast;;;
Spiromon 5 mg žuvacie tablety;Montelukast;;;
Spironolactone Medreg;Spironolaktón;;;
SPORANOX;Itrakonazol;;;
Spravato 28 mg nosová roztoková aerodisperzia;Esketamín;;;
SPRYCEL 100 mg filmom obalené tablety;Dazatinib;;;
SPRYCEL 70 mg filmom obalené tablety;Dazatinib;;;
Stadacand 16 mg;Kandesartan;;;
Stadacand 16 mg;Kandesartan;;;
Stadacand 32 mg;Kandesartan;;;
Stadacand 32 mg;Kandesartan;;;
Stadacand 8 mg;Kandesartan;;;
Stadacand Plus;Kandesartan a diuretiká;;;
Stadacand Plus;Kandesartan a diuretiká;;;
Stadamet retard 1000 mg tablety s predĺženým uvoľňovaním;Metformín;;;
Stadamet retard 500 mg tablety s predĺženým uvoľňovaním;Metformín;;;
Stadamet retard 750 mg tablety s predĺženým uvoľňovaním;Metformín;;;
STADAPRESS 10/12,5 mg;Chinapril a diuretiká;;;
STADAPRESS 10/12,5 mg;Chinapril a diuretiká;;;
STADAPRESS 20/12,5 mg;Chinapril a diuretiká;;;
STADAPRESS 20/12,5 mg;Chinapril a diuretiká;;;
STADAPYRIN 100 mg;Kyselina acetylsalicylová;;;
STADAPYRIN 100 mg;Kyselina acetylsalicylová;;;
Stafal;Všetky ostatné liečivá;;;
Staloral;Extrakty alergénov;;;
Staloral;Extrakty alergénov;;;
Staloral 300;Rôzne extrakty alergénov;;;
Staloral 300;Rôzne extrakty alergénov;;;
STAYVEER 125 mg filmom obalené tablety;Bosentán;;;
STELARA 130 mg koncentrát na infúzny roztok;Ustekinumab;;;
STELARA 45 mg injekčný roztok naplnený v injekčnej striekačke;Ustekinumab;;;
STELARA 90 mg injekčný roztok naplnený v injekčnej striekačke;Ustekinumab;;;
STELARA 90 mg injekčný roztok v naplnenom injekčnom pere;Ustekinumab;;;
STEQEYMA 130 mg koncentrát na infúzny roztok;Ustekinumab;;;
STEQEYMA 45 mg injekčný roztok naplnený v injekčnej striekačke;Ustekinumab;;;
STEQEYMA 90 mg injekčný roztok naplnený v injekčnej striekačke;Ustekinumab;;;
Sterovid 1000 mg/4 ml injekčný roztok;Testosterón;;;
STILIAD;Tamsulozín a solifenacín;;;
STILNOX;Zolpidem;;;
Stivarga 40 mg filmom obalené tablety;Regorafenib;;;
Stoboclo 60 mg injekčný roztok v naplnenej injekčnej striekačke;Denosumab;;;
Stribild 150 mg/150 mg/200 mg/245 mg filmom obalené tablety;Emtricitabín,tenofovir dizoproxil,elvitegravir a kobicistát;;;
Striverdi Respimat;Olodaterol;;;
Submena 100 mikrogramov sublingválne tablety;Fentanyl;;;
Submena 200 mikrogramov sublingválne tablety;Fentanyl;;;
Submena 400 mikrogramov sublingválne tablety;Fentanyl;;;
Sulfasalazin-EN;Sulfasalazín;;;
Suliqua 100 jednotiek/ml + 33 mikrogramov/ml injekčný roztok v naplnenom pere;Inzulín glargín a lixisenatid;;;
Suliqua 100 jednotiek/ml + 50 mikrogramov/ml injekčný roztok v naplnenom pere;Inzulín glargín a lixisenatid;;;
SULPIRID BELUPO 200 mg;Sulpirid;;;
SULPIRID BELUPO 50 mg;Sulpirid;;;
Sumamed;Azitromycín;;;
Sumamed;Azitromycín;;;
Sumamed 125 mg;Azitromycín;;;
Sumamed 500 mg;Azitromycín;;;
Sumamed forte;Azitromycín;;;
Sumamed forte;Azitromycín;;;
Sumamed forte;Azitromycín;;;
Sumatriptan Sandoz 100 mg tablety;Sumatriptán;;;
Sumatriptan Sandoz 50 mg tablety;Sumatriptán;;;
Sumatriptan Sandoz 50 mg tablety;Sumatriptán;;;
Sunitinib Accord 50 mg tvrdé kapsuly;Sunitinib;;;
Sunitinib G.L. Pharma 12,5 mg tvrdé kapsuly;Sunitinib;;;
Sunitinib G.L. Pharma 25 mg tvrdé kapsuly;Sunitinib;;;
Sunitinib G.L. Pharma 50 mg tvrdé kapsuly;Sunitinib;;;
Sunitinib Glenmark 12,5 mg tvrdé kapsuly;Sunitinib;;;
Sunitinib Glenmark 25 mg tvrdé kapsuly;Sunitinib;;;
Sunitinib Glenmark 50 mg tvrdé kapsuly;Sunitinib;;;
Sunitinib Pharmagen 12,5 mg;Sunitinib;;;
Sunitinib Pharmagen 25 mg;Sunitinib;;;
Sunitinib Pharmagen 50 mg;Sunitinib;;;
Sunitinib Pharmevid 12,5 mg;Sunitinib;;;
Sunitinib Pharmevid 25 mg;Sunitinib;;;
Sunitinib Pharmevid 50 mg;Sunitinib;;;
Sunitinib Sandoz 12,5 mg tvrdé kapsuly;Sunitinib;;;
Sunitinib Sandoz 25 mg tvrdé kapsuly;Sunitinib;;;
Sunitinib Sandoz 50 mg tvrdé kapsuly;Sunitinib;;;
Sunitinib STADA 12,5 mg;Sunitinib;;;
Sunitinib STADA 25 mg;Sunitinib;;;
Sunitinib STADA 50 mg;Sunitinib;;;
Sunitinib Teva 12,5 mg tvrdé kapsuly;Sunitinib;;;
Sunitinib Teva 25 mg tvrdé kapsuly;Sunitinib;;;
Sunitinib Teva 50 mg tvrdé kapsuly;Sunitinib;;;
Sunitinib Vipharm 12,5 mg;Sunitinib;;;
Sunitinib Vipharm 25 mg;Sunitinib;;;
Sunitinib Vipharm 50 mg;Sunitinib;;;
Sunitinib Zentiva 12,5 mg;Sunitinib;;;
Sunitinib Zentiva 50 mg;Sunitinib;;;
SUPRAX;Cefixím;;;
SUPRAX;Cefixím;;;
SUPRAX 400 mg dispergovateľné tablety;Cefixím;;;
SUPRELIP;Fenofibrát;;;
Sutent 12,5 mg tvrdé kapsuly;Sunitinib;;;
Sutent 25 mg tvrdé kapsuly;Sunitinib;;;
Sutent 50 mg tvrdé kapsuly;Sunitinib;;;
SYLVANT 100 mg prášok na infúzny koncentrát;Siltuximab;;;
SYLVANT 400 mg prášok na infúzny koncentrát;Siltuximab;;;
Symbicort Turbuhaler 200 mikrogramov/6 mikrogramov/inhalácia;Formoterol a budezonid;;;
Symbicort Turbuhaler forte 400 mikrogramov/12 mikrogramov/inhalácia;Formoterol a budezonid;;;
Symbicort Turbuhaler mite 100 mikrogramov/6 mikrogramov/inhalácia;Formoterol a budezonid;;;
Synagis 50 mg/0,5 ml injekčný roztok;Palivizumab;;;
Synflorix injekčná suspenzia v naplnenej injekčnej striekačke;Očkovacia látka proti pneumokokom, purifikovaný polysacharidový antigén a H. influenzae, konjugovaný;;;
Synjardy 12,5 mg/1000 mg filmom obalené tablety;Metformín a empagliflozín;;;
Synjardy 12,5 mg/1000 mg filmom obalené tablety;Metformín a empagliflozín;;;
Synjardy 5 mg/1000 mg filmom obalené tablety;Metformín a empagliflozín;;;
Synjardy 5 mg/1000 mg filmom obalené tablety;Metformín a empagliflozín;;;
Synjardy 5 mg/850 mg filmom obalené tablety;Metformín a empagliflozín;;;
Syntostigmin;Neostigmín;;;
Tacforius 1 mg tvrdé kapsuly s predĺženým uvoľňovaním;Takrolimus;;;
Tacforius 3 mg tvrdé kapsuly s predĺženým uvoľňovaním;Takrolimus;;;
Tacforius 5 mg tvrdé kapsuly s predĺženým uvoľňovaním;Takrolimus;;;
Tadalafil AOP 20 mg filmom obalené tablety;Tadalafil;;;
Tafinlar 75 mg tvrdé kapsuly;Dabrafenib;;;
TAFLOTAN;Tafluprost;;;
TAGRISSO 80 mg filmom obalené tablety;Ozimertinib;;;
TAKHZYRO 300 mg injekčný roztok v naplnenej injekčnej striekačke;Lanadelumab;;;
Talopam 100 mg;Topiramát;;;
Talopam 25 mg;Topiramát;;;
Talopam 50 mg;Topiramát;;;
Taltz 80 mg injekčný roztok naplnený v pere;Ixekizumab;;;
TALVEY 2 mg/ml injekčný roztok;Talkvetamab;;;
TALVEY 40 mg/ml injekčný roztok;Talkvetamab;;;
TAMED;Tamsulozín a dutasterid;;;
TAMOXIFEN Sandoz 10 mg;Tamoxifén;;;
TAMOXIFEN Sandoz 20 mg;Tamoxifén;;;
Tamsulosin HCl Viatris 0,4 mg;Tamsulosín;;;
Tamsulosin Medreg;Tamsulosín;;;
Tamsulosin-Teva 0,4 mg;Tamsulosín;;;
Tamurox 0,4 mg kapsuly s predĺženým uvoľňovaním;Tamsulosín;;;
Tanyz;Tamsulosín;;;
TAPTIQOM 15 mikrogramov/ml+5 mg/ml očné roztokové kvapky v jednodávkovom obale;Timolol, kombinácie;;;
Tardyferon;Síran železnatý;;;
Tardyferon-Fol;Síran železnatý a kyselina listová;;;
Targin 10/5 mg tablety s predĺženým uvoľňovaním;Oxykodón a naloxón;;;
Targin 20/10 mg tablety s predĺženým uvoľňovaním;Oxykodón a naloxón;;;
Targin 40/20 mg tablety s predĺženým uvoľňovaním;Oxykodón a naloxón;;;
Targin 5/2,5 mg tablety s predĺženým uvoľňovaním;Oxykodón a naloxón;;;
Targretin 75 mg mäkké kapsuly;Bexarotén;;;
Tarka 180 mg/2 mg tablety;Trandolapril a verapamil;;;
Tarka 240 mg/2 mg tablety;Trandolapril a verapamil;;;
Tarka 240 mg/2 mg tablety;Trandolapril a verapamil;;;
Tarka 240 mg/4 mg tablety;Trandolapril a verapamil;;;
Tarka 240 mg/4 mg tablety;Trandolapril a verapamil;;;
Tasigna 150 mg tvrdé kapsuly;Nilotinib;;;
Tasigna 200 mg tvrdé kapsuly;Nilotinib;;;
TATICA 500 mg;Abiraterón;;;
TAVLESSE 100 mg filmom obalené tablety;Fostamatinib;;;
TAVLESSE 150 mg filmom obalené tablety;Fostamatinib;;;
TAXIMED 1 g;Cefotaxím;;;
Tecartus;brexukabtagén-autoleucel;;;
Tecentriq 1200 mg koncentrát na infúzny roztok;Atezolizumab;;;
Tecfidera 120 mg tvrdé gastrorezistentné kapsuly;Dimetyl-fumarát;;;
Tecfidera 240 mg tvrdé gastrorezistentné kapsuly;Dimetyl-fumarát;;;
Tedez;Tamsulozín a dutasterid;;;
Tegretol CR 200;Karbamazepín;;;
Tegretol CR 400;Karbamazepín;;;
Teldipin 40 mg/5 mg tablety;Telmisartan a amlodipín;;;
Teldipin 40 mg/5 mg tablety;Telmisartan a amlodipín;;;
Teldipin 80 mg/10 mg tablety;Telmisartan a amlodipín;;;
Teldipin 80 mg/10 mg tablety;Telmisartan a amlodipín;;;
Teldipin 80 mg/5 mg tablety;Telmisartan a amlodipín;;;
Teldipin 80 mg/5 mg tablety;Telmisartan a amlodipín;;;
TELEXER 110 mg tvrdé kapsuly;Dabigatránetexilát;;;
TELEXER 110 mg tvrdé kapsuly;Dabigatránetexilát;;;
TELEXER 150 mg tvrdé kapsuly;Dabigatránetexilát;;;
TELEXER 150 mg tvrdé kapsuly;Dabigatránetexilát;;;
Telmark Plus 80 mg/12,5 mg;Telmisartan a diuretiká;;;
Telmisartan Actavis 40 mg tablety;Telmisartan;;;
Telmisartan Actavis 40 mg tablety;Telmisartan;;;
Telmisartan Actavis 80 mg tablety;Telmisartan;;;
Telmisartan Actavis 80 mg tablety;Telmisartan;;;
Telmisartan EGIS 40 mg;Telmisartan;;;
Telmisartan EGIS 40 mg;Telmisartan;;;
Telmisartan EGIS 80 mg;Telmisartan;;;
Telmisartan EGIS 80 mg;Telmisartan;;;
Telmisartan HCT EGIS 80 mg/12,5 mg;Telmisartan a diuretiká;;;
Telmisartan HCT EGIS 80 mg/12,5 mg;Telmisartan a diuretiká;;;
Telmisartan HCT EGIS 80 mg/25 mg;Telmisartan a diuretiká;;;
Telmisartan HCT EGIS 80 mg/25 mg;Telmisartan a diuretiká;;;
Telmisartan Sandoz 40 mg tablety;Telmisartan;;;
Telmisartan Sandoz 80 mg tablety;Telmisartan;;;
Telmisartan Sandoz 80 mg tablety;Telmisartan;;;
Telmisartan/Hydrochlorotiazid Sandoz 80 mg/12,5 mg;Telmisartan a diuretiká;;;
Telmisartan/Hydrochlorotiazid Sandoz 80 mg/12,5 mg;Telmisartan a diuretiká;;;
Telmisartan/Hydrochlorotiazid Sandoz 80 mg/25 mg;Telmisartan a diuretiká;;;
Temomedac 100 mg tvrdé kapsuly;Temozolomid;;;
Temomedac 140 mg tvrdé kapsuly;Temozolomid;;;
TEMOSTAD 100 mg;Temozolomid;;;
TEMOSTAD 140 mg;Temozolomid;;;
TEMOSTAD 20 mg;Temozolomid;;;
TEMOSTAD 250 mg;Temozolomid;;;
Temozolomide Accord 100 mg tvrdé kapsuly;Temozolomid;;;
Temozolomide Accord 140 mg tvrdé kapsuly;Temozolomid;;;
TENAXUM;Rilmenidín;;;
TENAXUM;Rilmenidín;;;
TENAXUM;Rilmenidín;;;
Tenloris 100 mg/10 mg filmom obalené tablety;Losartan a amlodipín;;;
Tenloris 100 mg/5 mg filmom obalené tablety;Losartan a amlodipín;;;
Tenox 5 mg;Amlodipín;;;
Tensamin;Dopamín;;;
Terbinafin Teva 250 mg;Terbinafín;;;
Terbinafin Viatris 250 mg;Terbinafín;;;
TEREBYO 14 mg;Teriflunomid;;;
Teriflunomid Teva B.V. 14 mg;Teriflunomid;;;
Teriflunomide Glenmark 14 mg;Teriflunomid;;;
Teriflunomide MSN 14 mg filmom obalené tablety;Teriflunomid;;;
Teriflunomide Neuraxpharm 14 mg filmom obalené tablety;Teriflunomid;;;
Teriflunomide Stada 14 mg filmom obalené tablety;Teriflunomid;;;
Teriflunomide Viatris 14 mg filmom obalené tablety;Teriflunomid;;;
Teriflunomide Zentiva;Teriflunomid;;;
Terrosa 20 mikrogramov/80 mikrolitrov injekčný roztok;Teriparatid;;;
Terrosa 20 mikrogramov/80 mikrolitrov injekčný roztok v naplnenom pere;Teriparatid;;;
TERTENSIF SR;Indapamid;;;
Testosterón-undekanoát EVER Pharma 1000 mg/4 ml injekčný roztok;Testosterón;;;
Tetmodis 25 mg tablety;Tetrabenazín;;;
TETRAXIM;Očkovacia látka proti záškrtu-čiernemu kašľu-poliomyelitíde-tetanu;;;
TEVANEB 5 mg;Nebivolol;;;
TEVANEB 5 mg;Nebivolol;;;
Tevazol 20 mg;Omeprazol;;;
Tezeo 40 mg;Telmisartan;;;
Tezeo 40 mg;Telmisartan;;;
Tezeo 80 mg;Telmisartan;;;
Tezeo 80 mg;Telmisartan;;;
Tezeo HCT 80 mg/12,5 mg;Telmisartan a diuretiká;;;
Tezeo HCT 80 mg/12,5 mg;Telmisartan a diuretiká;;;
Tezeo HCT 80 mg/25 mg;Telmisartan a diuretiká;;;
Thiamin Léčiva inj;Thiamín (vit.B1);;;
Thioctacid  600 HR;Kyselina tioktová;;;
Thioctacid  600 HR;Kyselina tioktová;;;
Thioctacid 600 mg injekčný roztok;Kyselina tioktová;;;
Thioctic Acid Zentiva;Kyselina tioktová;;;
Thioctic Acid Zentiva;Kyselina tioktová;;;
THIOGAMMA 600 oral;Kyselina tioktová;;;
THIOGAMMA 600 oral;Kyselina tioktová;;;
Thiogamma Turbo-Set;Kyselina tioktová;;;
Thyrogen 0,9 mg prášok na injekčný roztok;Tyreotropín;;;
Thyrozol 10 mg;Tiamazol;;;
Tianeptin Sandoz 12,5 mg filmom obalené tablety;Tianeptín;;;
TIAPRIDAL;Tiaprid;;;
TIAPRIDAL inj;Tiaprid;;;
TIAPRIDAL tbl;Tiaprid;;;
Tibsovo 250 mg filmom obalené tablety;Ivozidenib;;;
Ticagrelor Olpha 90 mg filmom obalené tablety;Tikagrelor;;;
Ticagrelor Sandoz 90 mg filmom obalené tablety;Tikagrelor;;;
Ticlopidin-ratiopharm 250 mg;Tiklopidín;;;
Ticlopidin-ratiopharm 250 mg;Tiklopidín;;;
Tikagrelor STADA 90 mg filmom obalené tablety;Tikagrelor;;;
Tikagrelor STADA 90 mg filmom obalené tablety;Tikagrelor;;;
Tikagrelor Teva 90 mg;Tikagrelor;;;
Timonil retard 150 mg;Karbamazepín;;;
Timonil retard 300 mg;Karbamazepín;;;
Timonil retard 300 mg;Karbamazepín;;;
Tivicay 50 mg filmom obalené tablety;Dolutegravir;;;
Tocieta 25 mg;Eltrombopag;;;
Tocieta 50 mg;Eltrombopag;;;
Toletate;Leuprorelín;;;
Tolucombi 80 mg/12,5 mg tablety;Telmisartan a diuretiká;;;
Tolucombi 80 mg/12,5 mg tablety;Telmisartan a diuretiká;;;
Tolucombi 80 mg/25 mg tablety;Telmisartan a diuretiká;;;
Tolupind 40 mg/1,5 mg tablety s riadeným uvoľňovaním;Telmisartan a diuretiká;;;
Tolupind 80 mg/1,5 mg tablety s riadeným uvoľňovaním;Telmisartan a diuretiká;;;
Tolura 40 mg tablety;Telmisartan;;;
Tolura 80 mg tablety;Telmisartan;;;
Tolura 80 mg tablety;Telmisartan;;;
Tolvecamo 40 mg/5 mg/12,5 mg tablety;Telmisartan, Amlodipín a Hydrochlórtiazid;;;
Tolvecamo 80 mg/10 mg/12,5 mg tablety;Telmisartan, Amlodipín a Hydrochlórtiazid;;;
Tolvecamo 80 mg/10 mg/25 mg tablety;Telmisartan, Amlodipín a Hydrochlórtiazid;;;
Tolvecamo 80 mg/5 mg/12,5 mg tablety;Telmisartan, Amlodipín a Hydrochlórtiazid;;;
Topimark  50 mg;Topiramát;;;
Topimark 100 mg;Topiramát;;;
Topimark 100 mg;Topiramát;;;
Topimark 25 mg;Topiramát;;;
Topotecan Accord 1 mg/ml koncentrát na infúzny roztok;Topotekán;;;
Topotecan Accord 1 mg/ml koncentrát na infúzny roztok;Topotekán;;;
TORECAN obalené tablety 6,5 mg;Tietylperazín;;;
Torvacard Novum 10 mg;Atorvastatín;;;
Torvacard Novum 10 mg;Atorvastatín;;;
Torvacard Novum 20 mg;Atorvastatín;;;
Torvacard Novum 20 mg;Atorvastatín;;;
Torvacard Novum 40 mg;Atorvastatín;;;
Torvacard Novum 40 mg;Atorvastatín;;;
Torvacard Novum 80 mg;Atorvastatín;;;
Torvacard Novum 80 mg;Atorvastatín;;;
Torvazin Plus 20 mg/10 mg;Atorvastatín a ezetimib;;;
Torvazin Plus 20 mg/10 mg;Atorvastatín a ezetimib;;;
Torvazin Plus 40 mg/10 mg;Atorvastatín a ezetimib;;;
Torvazin Plus 40 mg/10 mg;Atorvastatín a ezetimib;;;
Toujeo 300 jednotiek/ml DoubleStar, injekčný roztok v naplnenom pere;Inzulín-glargin;;;
Toujeo 300 jednotiek/ml SoloStar, injekčný roztok v naplnenom pere;Inzulín-glargin;;;
Toujeo 300 jednotiek/ml SoloStar, injekčný roztok v naplnenom pere;Inzulín-glargin;;;
TOVIAZ 4 mg tablety s predĺženým uvoľňovaním;Fesoterodín;;;
TOVIAZ 8 mg tablety s predĺženým uvoľňovaním;Fesoterodín;;;
Trajenta 5 mg filmom obalené tablety;Linagliptín;;;
Trajenta 5 mg filmom obalené tablety;Linagliptín;;;
TRALGIT;Tramadol;;;
TRALGIT 100 inj.;Tramadol;;;
Tralgit 100 mg/ml perorálny roztok;Tramadol;;;
TRALGIT SR 100;Tramadol;;;
TRALGIT SR 100;Tramadol;;;
TRALGIT SR 150;Tramadol;;;
TRALGIT SR 200;Tramadol;;;
Tramabene;Tramadol;;;
Tramabene;Tramadol;;;
Tramadol Retard Actavis 100 mg;Tramadol;;;
Tramadol Retard Actavis 150 mg;Tramadol;;;
Tramadol Retard Actavis 200 mg;Tramadol;;;
Tramadol Viatris 100 mg;Tramadol;;;
Tramadol Viatris 150 mg;Tramadol;;;
Tramadol Viatris 200 mg;Tramadol;;;
Tramadol/Paracetamol Medreg;Tramadol a paracetamol;;;
Tramadol/Paracetamol Medreg;Tramadol a paracetamol;;;
Tramadol/Paracetamol Medreg;Tramadol a paracetamol;;;
Tramadol/Paracetamol Medreg;Tramadol a paracetamol;;;
Tramadol/Paracetamol Zentiva 75 mg/650 mg;Tramadol a paracetamol;;;
TRAMAL injekčný roztok 100 mg/2 ml;Tramadol;;;
TRAMAL injekčný roztok 50 mg/ml;Tramadol;;;
TRAMAL kvapky 100 mg/ml;Tramadol;;;
TRAMAL kvapky 100 mg/ml;Tramadol;;;
TRAMAL retard tablety 100 mg;Tramadol;;;
TRAMAL retard tablety 150 mg;Tramadol;;;
TRAMAL retard tablety 200 mg;Tramadol;;;
TRAMAL tvrdé kapsuly 50 mg;Tramadol;;;
Tramapran 37,5 mg/325 mg;Tramadol a paracetamol;;;
Tramapran 37,5 mg/325 mg;Tramadol a paracetamol;;;
Tramcet 37,5 mg/325 mg tablety;Tramadol a paracetamol;;;
Tramcet 37,5 mg/325 mg tablety;Tramadol a paracetamol;;;
TRANSTEC 35 µg/h;Buprenorfín;;;
TRANSTEC 52,5 µg/h;Buprenorfín;;;
TRANSTEC 70 µg/h;Buprenorfín;;;
Travoprost Olikla 40 mikrogramov/ml očné roztokové kvapky;Travoprost;;;
Travoprost Olikla 40 mikrogramov/ml očné roztokové kvapky;Travoprost;;;
Travoprost/timolol Olikla 40 mikrogramov/ml + 5 mg/ml očné roztokové kvapky;Timolol, kombinácie;;;
Travoprost/timolol Olikla 40 mikrogramov/ml + 5 mg/ml očné roztokové kvapky;Timolol, kombinácie;;;
Trazimera 150 mg prášok na infúzny koncentrát;Trastuzumab;;;
Trelegy Ellipta 92 mikrogramov/55 mikrogramov/22 mikrogramov dávkovaný inhalačný prášok;Vilanterol, umeklidíniumbromid a flutikazónfuroát;;;
Trelema 100 mg filmom obalené tablety;Lakosamid;;;
Trelema 150 mg filmom obalené tablety;Lakosamid;;;
Trelema 200 mg filmom obalené tablety;Lakosamid;;;
Trelema 50 mg filmom obalené tablety;Lakosamid;;;
Tremfya 100 mg injekčný roztok v naplnenej injekčnej striekačke;Guselkumab;;;
Tremfya 100 mg injekčný roztok v naplnenom injekčnom pere;Guselkumab;;;
Tresuvi 10 mg/ml infúzny roztok;Treprostinil;;;
Tresuvi 2,5 mg/ml infúzny roztok;Treprostinil;;;
Tresuvi 5 mg/ml infúzny roztok;Treprostinil;;;
TREVICTA 175 mg injekčná suspenzia s predĺženým uvoľňovaním;Paliperidón;;;
TREVICTA 263 mg injekčná suspenzia s predĺženým uvoľňovaním;Paliperidón;;;
TREVICTA 350 mg injekčná suspenzia s predĺženým uvoľňovaním;Paliperidón;;;
TREVICTA 525 mg injekčná suspenzia s predĺženým uvoľňovaním;Paliperidón;;;
Trexan Neo 10 mg tablety;Metotrexát;;;
Trexan Neo 2,5 mg tablety;Metotrexát;;;
Triamcinolon E Léčiva;Triamcinolón a antiseptiká;;;
Triamcinolon Léčiva crm;Triamcinolón;;;
Trigelan 100 mg/25 mg/200 mg filmom obalené tablety;Levodopa, inhibítor dekarboxylázy a COMT inhibítor;;;
Trigelan 150 mg/37,5 mg/200 mg filmom obalené tablety;Levodopa, inhibítor dekarboxylázy a COMT inhibítor;;;
Trigelan 50 mg/12,5 mg/200 mg filmom obalené tablety;Levodopa, inhibítor dekarboxylázy a COMT inhibítor;;;
Trileptal 300 mg;Oxkarbazepín;;;
Trimbow 172 mikrogramov/5 mikrogramov/9 mikrogramov, inhalačný roztok v tlakovom obale;Formoterol, glykopyróniumbromid a beklometazón;;;
Trimbow 87 mikrogramov/5 mikrogramov/9 mikrogramov, inhalačný roztok v tlakovom obale;Formoterol, glykopyróniumbromid a beklometazón;;;
Trimbow 88 mikrogramov/5 mikrogramov/9 mikrogramov, inhalačný prášok;Formoterol, glykopyróniumbromid a beklometazón;;;
TRIPLIXAM 10 mg/2,5 mg/10 mg;Perindopril,amlodipín a indapamid;;;
TRIPLIXAM 10 mg/2,5 mg/10 mg;Perindopril,amlodipín a indapamid;;;
TRIPLIXAM 10 mg/2,5 mg/5 mg;Perindopril,amlodipín a indapamid;;;
TRIPLIXAM 10 mg/2,5 mg/5 mg;Perindopril,amlodipín a indapamid;;;
TRIPLIXAM 5 mg/1,25 mg/10 mg;Perindopril,amlodipín a indapamid;;;
TRIPLIXAM 5 mg/1,25 mg/10 mg;Perindopril,amlodipín a indapamid;;;
TRIPLIXAM 5 mg/1,25 mg/5 mg;Perindopril,amlodipín a indapamid;;;
TRIPLIXAM 5 mg/1,25 mg/5 mg;Perindopril,amlodipín a indapamid;;;
TRITACE 1,25;Ramipril;;;
TRITACE 10;Ramipril;;;
TRITACE 2,5;Ramipril;;;
TRITACE 5;Ramipril;;;
Tritazide 5 mg/25 mg;Ramipril a diuretiká;;;
TRITTICO AC 150;Trazodón;;;
TRITTICO AC 150;Trazodón;;;
Triumeq 50 mg/600 mg/300 mg filmom obalené tablety;Lamivudín, abakavir a dolutegravir;;;
Trixeo Aerosphere 5 mikrogramov/7,2 mikrogramov/160 mikrogramov inhalačná suspenzia v tlakovom obale;Formoterol, glykopyrónium-bromid a budezonid;;;
Trodelvy 200 mg prášok na koncentrát na infúzny roztok;Sacituzumab govitekan;;;
Trombex 75 mg filmom obalené tablety;Klopidogrel;;;
Trombex 75 mg filmom obalené tablety;Klopidogrel;;;
Trulicity 1,5 mg injekčný roztok naplnený v injekčnom pere;Dulaglutid;;;
TRUND 1000 mg;Levetiracetam;;;
TRUND 250 mg;Levetiracetam;;;
TRUND 500 mg;Levetiracetam;;;
TRUSOPT 2 %;Dorzolamid;;;
TRUSOPT 2 %;Dorzolamid;;;
Truxima 100 mg infúzny koncentrát;Rituximab;;;
Truxima 500 mg infúzny koncentrát;Rituximab;;;
Tulip 10 mg filmom obalené tablety;Atorvastatín;;;
Tulip 10 mg filmom obalené tablety;Atorvastatín;;;
Tulip 20 mg filmom obalené tablety;Atorvastatín;;;
Tulip 20 mg filmom obalené tablety;Atorvastatín;;;
Tulip 40 mg filmom obalené tablety;Atorvastatín;;;
Tulip 40 mg filmom obalené tablety;Atorvastatín;;;
Tulip 80 mg filmom obalené tablety;Atorvastatín;;;
Tulip 80 mg filmom obalené tablety;Atorvastatín;;;
Tulip Plus 10 mg/20 mg;Atorvastatín a ezetimib;;;
Tulip Plus 10 mg/20 mg;Atorvastatín a ezetimib;;;
Tulip Plus 10 mg/40 mg;Atorvastatín a ezetimib;;;
Tulip Plus 10 mg/40 mg;Atorvastatín a ezetimib;;;
Twynsta 80 mg/10 mg tablety;Telmisartan a amlodipín;;;
Twynsta 80 mg/5 mg tablety;Telmisartan a amlodipín;;;
Tyenne 162 mg injekčný roztok v naplnenej injekčnej striekačke;Tocilizumab;;;
Tyenne 162 mg injekčný roztok v naplnenom pere;Tocilizumab;;;
Tyenne 20 mg/ml koncentrát na infúzny roztok;Tocilizumab;;;
Tyenne 20 mg/ml koncentrát na infúzny roztok;Tocilizumab;;;
Tyenne 20 mg/ml koncentrát na infúzny roztok;Tocilizumab;;;
Tyruko 300 mg infúzny koncentrát;Natalizumab;;;
Tysabri 150 mg injekčný roztok v naplnenej injekčnej striekačke;Natalizumab;;;
Tysabri 300 mg infúzny koncentrát;Natalizumab;;;
Tyverb 250 mg filmom obalené tablety;Lapatinib;;;
Ubretid 5 mg;Distigmín;;;
Ultibro Breezhaler 85 mikrogramov/43 mikrogramov inhalačný prášok v tvrdých kapsulách;Indacaterol a glykopyróniumbromid;;;
Ultomiris 300 mg/3 ml koncentrát na infúzny roztok;Ravulizumab;;;
Ultravist 300 mg I/ml;Jopromid;;;
Ultravist 300 mg I/ml;Jopromid;;;
Ultravist 300 mg I/ml;Jopromid;;;
Ultravist 370 mg I/ml;Jopromid;;;
Ultravist 370 mg I/ml;Jopromid;;;
Ultravist 370 mg I/ml;Jopromid;;;
UNASYN 375 mg;Sultamicilín;;;
UNICLOPHEN 0,1 %;Diklofenak;;;
UNILAT 50 mikrogramov/ml očné roztokové kvapky;Latanoprost;;;
UNILAT 50 mikrogramov/ml očné roztokové kvapky;Latanoprost;;;
UNITROPIC 0,5 %;Tropikamid;;;
Uptravi 1000 mikrogramov filmom obalené tablety;Selexipag;;;
Uptravi 1200 mikrogramov filmom obalené tablety;Selexipag;;;
Uptravi 1400 mikrogramov filmom obalené tablety;Selexipag;;;
Uptravi 1600 mikrogramov filmom obalené tablety;Selexipag;;;
Uptravi 200 mikrogramov filmom obalené tablety;Selexipag;;;
Uptravi 200 mikrogramov filmom obalené tablety;Selexipag;;;
Uptravi 400 mikrogramov filmom obalené tablety;Selexipag;;;
Uptravi 600 mikrogramov filmom obalené tablety;Selexipag;;;
Uptravi 800 mikrogramov filmom obalené tablety;Selexipag;;;
Urapidil Medreg 30 mg;Urapidil;;;
Urapidil Medreg 60 mg;Urapidil;;;
Urapidil Stada 30 mg tvrdé kapsuly s predĺženým uvoľňovaním;Urapidil;;;
Urapidil Stada 60 mg tvrdé kapsuly s predĺženým uvoľňovaním;Urapidil;;;
URO-VAXOM;Iné imunostimulanciá (zmena WHO);;;
URO-VAXOM;Iné imunostimulanciá (zmena WHO);;;
Urografin 76 %;Kyselina amidotrizoová;;;
Urokur 10 mg filmom obalené tablety;Solifenacín;;;
Urokur 5 mg filmom obalené tablety;Solifenacín;;;
UROMITEXAN 400 mg;Mesna;;;
Urorec 4 mg tvrdé kapsuly;Silodozín;;;
Urorec 8 mg tvrdé kapsuly;Silodozín;;;
Urorec 8 mg tvrdé kapsuly;Silodozín;;;
UROXAL 5 mg;Oxybutynín;;;
Ursofalk 250 mg kapsuly;Kyselina ursodeoxycholová;;;
Ursogrix 250 mg tvrdé kapsuly;Kyselina ursodeoxycholová;;;
URSOMED 250 mg;Kyselina ursodeoxycholová;;;
URSOMED 500 mg;Kyselina ursodeoxycholová;;;
URSOSAN;Kyselina ursodeoxycholová;;;
URSOSAN;Kyselina ursodeoxycholová;;;
URSOSAN 400 mg filmom obalené tablety;Kyselina ursodeoxycholová;;;
URUTAL 16 mg;Betahistín;;;
URUTAL 24 mg;Betahistín;;;
Usymro 130 mg koncentrát na infúzny roztok;Ustekinumab;;;
Usymro 45 mg injekčný roztok naplnený v injekčnej striekačke;Ustekinumab;;;
Usymro 90 mg injekčný roztok naplnený v injekčnej striekačke;Ustekinumab;;;
Uzpruvo 130 mg koncentrát na infúzny roztok;Ustekinumab;;;
Uzpruvo 45 mg injekčný roztok naplnený v injekčnej striekačke;Ustekinumab;;;
Uzpruvo 90 mg injekčný roztok naplnený v injekčnej striekačke;Ustekinumab;;;
V PNC 1000;Fenoxymetylpenicilín;;;
V PNC 500;Fenoxymetylpenicilín;;;
V PNC 750;Fenoxymetylpenicilín;;;
V PNC 750;Fenoxymetylpenicilín;;;
Vabinxo 160 mg/1,5 mg tablety s riadeným uvoľňovaním;Valsartan a diuretiká;;;
Vabinxo 80 mg/1,5 mg tablety s riadeným uvoľňovaním;Valsartan a diuretiká;;;
Vabysmo 120 mg/ml injekčný roztok;Faricimab;;;
Valdamin 450 mg;Valganciklovir;;;
Valdoxan 25 mg filmom obalené tablety;Agomelatín;;;
Valpro-ratiopharm Chrono 500 mg;Kyselina valproová;;;
Valsacor 160 mg;Valsartan;;;
Valsacor 160 mg;Valsartan;;;
Valsacor 320 mg;Valsartan;;;
Valsacor 320 mg;Valsartan;;;
Valsacor 80 mg;Valsartan;;;
Valsartan HCT Teva 160/12,5 mg;Valsartan a diuretiká;;;
Valsartan HCT Teva 160/12,5 mg;Valsartan a diuretiká;;;
Valsartan HCT Teva 160/25 mg;Valsartan a diuretiká;;;
Valsartan Teva 160 mg;Valsartan;;;
Valsartan Teva 160 mg;Valsartan;;;
Valsartan Teva 80 mg;Valsartan;;;
Valtrex 500 mg;Valaciklovir;;;
Valtricom 10 mg/160 mg/12,5 mg filmom obalené tablety;Amlodipínium-bezylát, valsartan, hydrochlórtiazid;;;
Valtricom 10 mg/160 mg/12,5 mg filmom obalené tablety;Amlodipínium-bezylát, valsartan, hydrochlórtiazid;;;
Valtricom 10 mg/160 mg/25 mg filmom obalené tablety;Amlodipínium-bezylát, valsartan, hydrochlórtiazid;;;
Valtricom 10 mg/160 mg/25 mg filmom obalené tablety;Amlodipínium-bezylát, valsartan, hydrochlórtiazid;;;
Valtricom 5 mg/160 mg/12,5 mg filmom obalené tablety;Amlodipínium-bezylát, valsartan, hydrochlórtiazid;;;
Valtricom 5 mg/160 mg/12,5 mg filmom obalené tablety;Amlodipínium-bezylát, valsartan, hydrochlórtiazid;;;
Valtricom 5 mg/160 mg/25 mg filmom obalené tablety;Amlodipínium-bezylát, valsartan, hydrochlórtiazid;;;
Valzap 160 mg;Valsartan;;;
Valzap 160 mg;Valsartan;;;
Valzap 80 mg;Valsartan;;;
Valzap HCT 160 mg/12,5 mg;Valsartan a diuretiká;;;
Valzap HCT 160 mg/12,5 mg;Valsartan a diuretiká;;;
Valzap HCT 160 mg/25 mg;Valsartan a diuretiká;;;
Vancomycin Olikla 1000 mg prášok na koncentrát na infúzny roztok;Vankomycín;;;
Vancomycin Olikla 500 mg prášok na koncentrát na infúzny roztok;Vankomycín;;;
Vancomycin Viatris 1 000 mg;Vankomycín;;;
Vancomycin Viatris 500 mg;Vankomycín;;;
VAQTA 25 U;Očkovacia látka proti hepatitíde A, inaktivovaná, neporušený vírus;;;
VAQTA 50 U;Očkovacia látka proti hepatitíde A, inaktivovaná, neporušený vírus;;;
Vasocardin 100;Metoprolol;;;
Vasocardin 50;Metoprolol;;;
Vasocardin SR 200;Metoprolol;;;
Vaxigrip;Očkovacia látka proti chrípke, inaktivovaná, štiepený vírus alebo povrchový antigén;;;
Vaxigrip Tetra;Očkovacia látka proti chrípke, inaktivovaná, štiepený vírus alebo povrchový antigén;;;
Vaxneuvance injekčná suspenzia v naplnenej injekčnej striekačke;Očkovacia látka proti pneumokokom, purifikovaný polysacharidový antigén konjugovaný;;;
Vaxneuvance injekčná suspenzia v naplnenej injekčnej striekačke;Očkovacia látka proti pneumokokom, purifikovaný polysacharidový antigén konjugovaný;;;
Vectibix 20 mg/ml infúzny koncentrát;Panitumumab;;;
Vectibix 20 mg/ml infúzny koncentrát;Panitumumab;;;
VEGZELMA 25 mg/ml infúzny koncentrát;Bevacizumab;;;
VEGZELMA 25 mg/ml infúzny koncentrát;Bevacizumab;;;
VELBIENNE 2 mg/1 mg filmom obalené tablety;Dienogest a estrogén;;;
VELETRI 1,5 mg prášok na infúzny roztok;Epoprostenol;;;
Venclyxto 10 mg filmom obalené tablety;Venetoklax;;;
Venclyxto 100 mg filmom obalené tablety;Venetoklax;;;
Venclyxto 50 mg filmom obalené tablety;Venetoklax;;;
Venofer;Parenterálne lieky s trojmocným železom;;;
Ventavis 10 mikrogramov/ml roztok pre rozprašovač;Iloprost;;;
Ventolin;Salbutamol;;;
VERAL 50 mg;Diklofenak;;;
VERAL 50 mg;Diklofenak;;;
VERAL RETARD 100 mg;Diklofenak;;;
VERAL RETARD 75 mg;Diklofenak;;;
Verimmus 10 mg tablety;Everolimus;;;
Verimmus 5 mg tablety;Everolimus;;;
VEROGALID ER 240 mg;Verapamil;;;
VEROSPIRON;Spironolaktón;;;
Verquvo 10 mg filmom obalené tablety;Vericiguat;;;
Verquvo 2,5 mg filmom obalené tablety;Vericiguat;;;
Verquvo 5 mg filmom obalené tablety;Vericiguat;;;
Versatis 700 mg liečivá náplasť;Lidokaín;;;
Verzenios 100 mg filmom obalené tablety;Abemaciklib;;;
Verzenios 150 mg filmom obalené tablety;Abemaciklib;;;
Verzenios 50 mg filmom obalené tablety;Abemaciklib;;;
Vesicare 10 mg;Solifenacín;;;
Vesomni 6 mg/0,4 mg tablety s riadeným uvoľňovaním;Tamsulozín a solifenacín;;;
VESSEL DUE F kapsuly;Sulodexid;;;
Vevzuo 120 mg injekčný roztok;Denosumab;;;
VFEND 200 mg filmom obalené tablety;Vorikonazol;;;
Vgenfli 40 mg/ml, injekčný roztok naplnený v injekčnej striekačke;Aflibercept;;;
VIDONORM 4 mg/10 mg tablety;Perindopril a amlodipín;;;
VIDONORM 4 mg/5 mg tablety;Perindopril a amlodipín;;;
VIDONORM 4 mg/5 mg tablety;Perindopril a amlodipín;;;
VIDONORM 8 mg/10 mg tablety;Perindopril a amlodipín;;;
VIDONORM 8 mg/10 mg tablety;Perindopril a amlodipín;;;
VIDONORM 8 mg/5 mg tablety;Perindopril a amlodipín;;;
VIDONORM 8 mg/5 mg tablety;Perindopril a amlodipín;;;
VIGAMOX;Moxifloxacín;;;
Vinorelbine Glenmark 20 mg;Vinorelbín;;;
Vinorelbine Glenmark 30 mg;Vinorelbín;;;
Vinorelbine medac 20 mg mäkké kapsuly;Vinorelbín;;;
Vinorelbine medac 30 mg mäkké kapsuly;Vinorelbín;;;
Vipdomet 12,5 mg/1000 mg filmom obalené tablety;Metformín a alogliptín;;;
Vipdomet 12,5 mg/850 mg filmom obalené tablety;Metformín a alogliptín;;;
Vipidia 12,5 mg filmom obalené tablety;Alogliptín;;;
Vipidia 25 mg filmom obalené tablety;Alogliptín;;;
Viread 245 mg filmom obalené tablety;Tenofovir dizoproxil;;;
Viregyt-K;Amantadín;;;
Visanne;Dienogest;;;
VISIPAQUE 270 mg I/1 ml;Jodixanol;;;
VISIPAQUE 270 mg I/1 ml;Jodixanol;;;
VISIPAQUE 320 mg I/1 ml;Jodixanol;;;
VISIPAQUE 320 mg I/1 ml;Jodixanol;;;
VISIPAQUE 320 mg I/1 ml;Jodixanol;;;
VISIPAQUE 320 mg I/1 ml;Jodixanol;;;
VITAMIN B12 LÉČIVA 1000 µg;Kyanokobalamín;;;
VITAMIN B12 LÉČIVA 300 µg;Kyanokobalamín;;;
Vivaire 100 mikrogramov/6 mikrogramov/dávka;Formoterol a beklometazón;;;
Vivaire 200 mikrogramov/6 mikrogramov/dávka;Formoterol a beklometazón;;;
Vixargio 15 mg filmom obalené tablety;Rivaroxabán;;;
Vixargio 15 mg filmom obalené tablety;Rivaroxabán;;;
Vixargio 20 mg filmom obalené tablety;Rivaroxabán;;;
Vixargio 20 mg filmom obalené tablety;Rivaroxabán;;;
Vokanamet 150 mg/1000 mg filmom obalené tablety;Metformín a kanagliflozín;;;
Vokanamet 50 mg/1000 mg filmom obalené tablety;Metformín a kanagliflozín;;;
Voltaren Rapid 50 mg;Diklofenak;;;
Vorikonazol Sandoz 200 mg filmom obalené tablety;Vorikonazol;;;
Vosevi 400 mg/100 mg/100 mg filmom obalené tablety;Sofosbuvir, velpatasvir a voxilaprevir;;;
Voxzogo 0,4 mg prášok a rozpúšťadlo na injekčný roztok;Vozoritid;;;
Voxzogo 0,56 mg prášok a rozpúšťadlo na injekčný roztok;Vozoritid;;;
Voxzogo 1,2 mg prášok a rozpúšťadlo na injekčný roztok;Vozoritid;;;
VPRIV 400 jednotiek prášok na infúzny roztok;Velagluceráza alfa;;;
VYDURA 75 mg perorálny lyofilizát;Rimegepant;;;
VYDURA 75 mg perorálny lyofilizát;Rimegepant;;;
VYDURA 75 mg perorálny lyofilizát;Rimegepant;;;
VYEPTI 100 mg koncentrát na infúzny roztok;Eptinezumab;;;
Vyndaqel 61 mg mäkké kapsuly;Tafamidis;;;
Vyvgart 20 mg/ml koncentrát na infúzny roztok;Efgartigimod alfa;;;
Wamlox 10 mg/160 mg filmom obalené tablety;Valsartan a amlodipín;;;
Wamlox 5 mg/160 mg filmom obalené tablety;Valsartan a amlodipín;;;
Wamlox 5 mg/80 mg filmom obalené tablety;Valsartan a amlodipín;;;
WARFARIN ORION 3 mg;Warfarín;;;
WARFARIN ORION 5 mg;Warfarín;;;
Warfarin PMCS 2 mg;Warfarín;;;
Warfarin PMCS 5 mg;Warfarín;;;
Weldinin;Sorafenib;;;
WEZENLA 130 mg koncentrát na infúzny roztok;Ustekinumab;;;
WEZENLA 45 mg injekčný roztok v naplnenej injekčnej striekačke;Ustekinumab;;;
WEZENLA 90 mg injekčný roztok v naplnenej injekčnej striekačke;Ustekinumab;;;
Wilate 500;Koagulačný faktor VIII a von Willebrandov faktor v kombinácii;;;
Willfact;Von Willebrandov faktor;;;
Wyost 120 mg injekčný roztok;Denosumab;;;
XABOPLAX 2,5 mg filmom obalené tablety;Rivaroxabán;;;
XALACOM;Timolol, kombinácie;;;
XALATAN;Latanoprost;;;
XALATAN;Latanoprost;;;
XALKORI 200 mg tvrdé kapsuly;Krizotinib;;;
XALKORI 250 mg tvrdé kapsuly;Krizotinib;;;
XANAX 0,25 mg;Alprazolam;;;
XANAX 0,5 mg;Alprazolam;;;
XANAX 1 mg;Alprazolam;;;
XANAX SR 0,5 mg;Alprazolam;;;
XANAX SR 1 mg;Alprazolam;;;
Xanirva 15 mg filmom obalené tablety;Rivaroxabán;;;
Xanirva 15 mg filmom obalené tablety;Rivaroxabán;;;
Xanirva 15 mg filmom obalené tablety;Rivaroxabán;;;
Xanirva 2,5 mg filmom obalené tablety;Rivaroxabán;;;
Xanirva 2,5 mg filmom obalené tablety;Rivaroxabán;;;
Xanirva 20 mg filmom obalené tablety;Rivaroxabán;;;
Xanirva 20 mg filmom obalené tablety;Rivaroxabán;;;
Xarelto 10 mg filmom obalené tablety;Rivaroxabán;;;
Xarelto 15 mg filmom obalené tablety;Rivaroxabán;;;
Xarelto 15 mg filmom obalené tablety;Rivaroxabán;;;
Xarelto 15 mg filmom obalené tablety;Rivaroxabán;;;
Xarelto 2,5 mg filmom obalené tablety;Rivaroxabán;;;
Xarelto 2,5 mg filmom obalené tablety;Rivaroxabán;;;
Xarelto 20 mg filmom obalené tablety;Rivaroxabán;;;
Xarelto 20 mg filmom obalené tablety;Rivaroxabán;;;
Xefo 4 mg filmom obalené tablety;Lornoxikam;;;
Xefo 8 mg filmom obalené tablety;Lornoxikam;;;
Xefo Rapid;Lornoxikam;;;
XELJANZ 11 mg tablety s predĺženým uvoľňovaním;Tofacitinib;;;
XELJANZ 5 mg filmom obalené tablety;Tofacitinib;;;
Xembify 200 mg/ml roztok na subkutánnu injekciu;Normálne ľudské imunoglobulíny na extravenózne použitie;;;
Xembify 200 mg/ml roztok na subkutánnu injekciu;Normálne ľudské imunoglobulíny na extravenózne použitie;;;
Xembify 200 mg/ml roztok na subkutánnu injekciu;Normálne ľudské imunoglobulíny na extravenózne použitie;;;
Xembify 200 mg/ml roztok na subkutánnu injekciu;Normálne ľudské imunoglobulíny na extravenózne použitie;;;
XEOMIN 100 jednotiek prášok na injekčný roztok;Botulotoxín;;;
Xeplion 100 mg injekčná suspenzia s predĺženým uvoľňovaním;Paliperidón;;;
Xeplion 150 mg injekčná suspenzia s predĺženým uvoľňovaním;Paliperidón;;;
Xeplion 50 mg injekčná suspenzia s predĺženým uvoľňovaním;Paliperidón;;;
Xeplion 75 mg injekčná suspenzia s predĺženým uvoľňovaním;Paliperidón;;;
Xerdoxo 2,5 mg filmom obalené tablety;Rivaroxabán;;;
Xermelo 250 mg filmom obalené tablety;Telotristát;;;
XGEVA 120 mg injekčný roztok;Denosumab;;;
XGEVA 120 mg injekčný roztok v naplnenej injekčnej striekačke;Denosumab;;;
Xigduo 5 mg/1000 mg filmom obalené tablety;Metformín a dapagliflozín;;;
Xigduo 5 mg/1000 mg filmom obalené tablety;Metformín a dapagliflozín;;;
Ximluci 10 mg/ml injekčný roztok;Ranibizumab;;;
Xolair 150 mg injekčný roztok v naplnenej injekčnej striekačke;Omalizumab;;;
Xolair 75 mg injekčný roztok v naplnenej injekčnej striekačke;Omalizumab;;;
Xorimax 250 mg;Cefuroxím;;;
Xorimax 500 mg;Cefuroxím;;;
Xospata 40 mg filmom obalené tablety;Gilteritinib;;;
Xtandi 40 mg filmom obalené tablety;Enzalutamid;;;
Xultophy 100 jednotiek/ml + 3,6 mg/ml injekčný roztok;Inzulín degludek a liraglutid;;;
Xyzal;Levocetirizín;;;
Xyzal 5 mg/10 ml perorálny roztok;Levocetirizín;;;
Yasnal 10 mg;Donepezil;;;
Yasnal 10 mg;Donepezil;;;
Yasnal 5 mg;Donepezil;;;
Yasnal 5 mg;Donepezil;;;
Yasnal Q- Tab 5 mg;Donepezil;;;
Yasnal Q-Tab 10 mg;Donepezil;;;
Yaxwer 120 mg injekčný roztok;Denosumab;;;
Yesafili 40 mg/ml, injekčný roztok v naplnenej injekčnej striekačke;Aflibercept;;;
YESCARTA;Axikabtagén ciloleucel;;;
Yesintek 130 mg koncentrát na infúzny roztok;Ustekinumab;;;
Yesintek 90 mg injekčný roztok v naplnenej injekčnej striekačke;Ustekinumab;;;
YLPIO 80 mg/2,5 mg tablety;Telmisartan a diuretiká;;;
Yuflyma 20 mg injekčný roztok v naplnenej injekčnej striekačke;Adalimumab;;;
Yuflyma 40 mg injekčný roztok v naplnenej injekčnej striekačke;Adalimumab;;;
Yuflyma 40 mg injekčný roztok v naplnenom pere;Adalimumab;;;
Yuflyma 40 mg injekčný roztok v naplnenom pere;Adalimumab;;;
Yuflyma 80 mg injekčný roztok v naplnenom pere;Adalimumab;;;
Zabcare 10 mg filmom obalené tablety;Solifenacín;;;
Zabcare 5 mg filmom obalené tablety;Solifenacín;;;
ZADENVI 60 mg injekčný roztok v naplnenej injekčnej striekačke;Denosumab;;;
Zaditen;Ketotifén;;;
Zalasta 10 mg orodispergovateľné tablety;Olanzapín;;;
Zalasta 10 mg orodispergovateľné tablety;Olanzapín;;;
Zalasta 15 mg orodispergovateľné tablety;Olanzapín;;;
Zalasta 20 mg orodispergovateľné tablety;Olanzapín;;;
Zalasta 5 mg orodispergovateľné tablety;Olanzapín;;;
Zalasta 5 mg orodispergovateľné tablety;Olanzapín;;;
ZALDIAR;Tramadol a paracetamol;;;
ZALDIAR;Tramadol a paracetamol;;;
ZALDIAR;Tramadol a paracetamol;;;
Zaldiar effervescens 37,5 mg/325 mg šumivé tablety;Tramadol a paracetamol;;;
Zaldiar effervescens 37,5 mg/325 mg šumivé tablety;Tramadol a paracetamol;;;
ZALTRAP 25 mg/ml infúzny koncentrát;Aflibercept;;;
ZALTRAP 25 mg/ml infúzny koncentrát;Aflibercept;;;
ZARACET;Tramadol a paracetamol;;;
ZARACET;Tramadol a paracetamol;;;
ZARACET;Tramadol a paracetamol;;;
ZARACET 75 mg/650 mg;Tramadol a paracetamol;;;
Zarzio 30 MU/0,5 ml injekčný alebo infúzny roztok v naplnenej injekčnej striekačke;Filgrastim;;;
Zarzio 48 MU/0,5 ml injekčný alebo infúzny roztok v naplnenej injekčnej striekačke;Filgrastim;;;
ZAVEDOS 1 mg/ml injekčný roztok;Idarubicín;;;
Zavesca 100 mg kapsuly;Miglustat;;;
Zeffix 100 mg filmom obalené tablety;Lamivudín;;;
Zeffix 100 mg filmom obalené tablety;Lamivudín;;;
Zejula 100 mg filmom obalené tablety;Niraparib;;;
Zelboraf 240 mg filmom obalené tablety;Vemurafenib;;;
Zemplar 1 mikrogram mäkké kapsuly;Parikalcitol;;;
Zemplar 2 mikrogramy mäkké kapsuly;Parikalcitol;;;
Zemplar 5 mikrogramov/ml injekčný roztok;Parikalcitol;;;
Zenaro 5 mg;Levocetirizín;;;
Zenaro 5 mg;Levocetirizín;;;
Zenaro 5 mg;Levocetirizín;;;
Zenaro 5 mg;Levocetirizín;;;
ZENTEL;Albendazol;;;
Zercepac 150 mg prášok na infúzny koncentrát;Trastuzumab;;;
Zessly 100 mg prášok na prípravu infúzneho koncentrátu;Infliximab;;;
Zetovar 10 mg/10 mg tablety;Atorvastatín a ezetimib;;;
Zetovar 10 mg/20 mg tablety;Atorvastatín a ezetimib;;;
Zetovar 10 mg/20 mg tablety;Atorvastatín a ezetimib;;;
Zetovar 10 mg/40 mg tablety;Atorvastatín a ezetimib;;;
Zetovar 10 mg/40 mg tablety;Atorvastatín a ezetimib;;;
Zetovar 10 mg/80 mg tablety;Atorvastatín a ezetimib;;;
Zetovar 10 mg/80 mg tablety;Atorvastatín a ezetimib;;;
Zevalin 1,6 mg/ml súprava pre rádiofarmakum na infúziu;Ibritumomabtiuxetán (90Y);;;
Ziextenzo 6 mg injekčný roztok naplnený v injekčnej striekačke;Pegfilgrastim;;;
Zineryt;Erytromycín, kombinácie;;;
Zineryt;Erytromycín, kombinácie;;;
Zinnat 125 mg;Cefuroxím;;;
Zinnat 125 mg/5 ml;Cefuroxím;;;
Zinnat 250 mg;Cefuroxím;;;
Zinnat 250 mg/5 ml;Cefuroxím;;;
Zinnat 500 mg;Cefuroxím;;;
Zipwell 40 mg;Ziprazidón;;;
Zipwell 60 mg;Ziprazidón;;;
Zipwell 80 mg;Ziprazidón;;;
Zirabev 25 mg/ml koncentrát na infúzny roztok;Bevacizumab;;;
Zirabev 25 mg/ml koncentrát na infúzny roztok;Bevacizumab;;;
Zitazonium 20 mg;Tamoxifén;;;
Znobact 500 mg filmom obalené tablety;Cefuroxím;;;
ZODAC;Cetirizín;;;
ZODAC;Cetirizín;;;
ZODAC;Cetirizín;;;
ZODAC;Cetirizín;;;
ZODAC GTT;Cetirizín;;;
Zoladex depot 3,6 mg;Goserelín;;;
Zoledronic Acid Fresenius Kabi 4 mg/5 ml infúzny koncentrát;Kyselina zoledrónová;;;
Zoledronic acid Viatris 5 mg/100 ml infúzny roztok;Kyselina zoledrónová;;;
Zoleptil 100 mg;Zotepín;;;
Zoleptil 25 mg;Zotepín;;;
Zoleptil 50 mg;Zotepín;;;
Zolgensma;Onasemnogén abeparvovek;;;
Zolgensma;Onasemnogén abeparvovek;;;
Zolgensma;Onasemnogén abeparvovek;;;
Zolgensma;Onasemnogén abeparvovek;;;
Zolgensma;Onasemnogén abeparvovek;;;
Zolgensma;Onasemnogén abeparvovek;;;
Zolgensma;Onasemnogén abeparvovek;;;
Zolgensma;Onasemnogén abeparvovek;;;
Zolgensma;Onasemnogén abeparvovek;;;
Zolgensma;Onasemnogén abeparvovek;;;
Zolgensma;Onasemnogén abeparvovek;;;
Zolgensma;Onasemnogén abeparvovek;;;
Zolgensma;Onasemnogén abeparvovek;;;
Zolgensma;Onasemnogén abeparvovek;;;
Zolgensma;Onasemnogén abeparvovek;;;
Zolgensma;Onasemnogén abeparvovek;;;
Zolgensma;Onasemnogén abeparvovek;;;
Zolgensma;Onasemnogén abeparvovek;;;
Zolgensma;Onasemnogén abeparvovek;;;
Zolgensma;Onasemnogén abeparvovek;;;
Zolgensma;Onasemnogén abeparvovek;;;
Zolgensma;Onasemnogén abeparvovek;;;
ZOLOFT 100 mg;Sertralín;;;
Zolpidem FMK 10 mg;Zolpidem;;;
Zolpidem FMK 10 mg;Zolpidem;;;
Zolpidem Viatris 10 mg;Zolpidem;;;
Zolpidem Vitabalans 10 mg filmom obalené tablety;Zolpidem;;;
Zolpidem Vitabalans 10 mg filmom obalené tablety;Zolpidem;;;
Zolpinox;Zolpidem;;;
Zolpinox;Zolpidem;;;
Zolpinox;Zolpidem;;;
Zolpinox;Zolpidem;;;
Zolpinox;Zolpidem;;;
ZOLSKETIL pegylated liposomal 2 mg/ml koncentrát na infúznu disperziu;Doxorubicín;;;
Zomikos 4 mg/5 ml  infúzny koncentrát;Kyselina zoledrónová;;;
Zonegran 100 mg tvrdé kapsuly;Zonisamid;;;
Zonegran 25 mg tvrdé kapsuly;Zonisamid;;;
Zonegran 50 mg tvrdé kapsuly;Zonisamid;;;
Zonisamide Neuraxpharm 100 mg tablety;Zonisamid;;;
Zonisamide Neuraxpharm 25 mg tablety;Zonisamid;;;
Zonisamide Neuraxpharm 50 mg tablety;Zonisamid;;;
Zonta 0,1 mg tablety;Fludrokortizón;;;
ZOPICLON 7,5-SL;Zopiklón;;;
ZOPICLON 7,5-SL;Zopiklón;;;
Zopitin  7,5 mg;Zopiklón;;;
Zopitin  7,5 mg;Zopiklón;;;
ZOVUDEX 125 mg;Brivudín;;;
Zyllt 75 mg filmom obalené tablety;Klopidogrel;;;
Zyllt 75 mg filmom obalené tablety;Klopidogrel;;;
Zynlonta 10 mg prášok na koncentrát na infúzny roztok;Lonkastuximab-tesirín;;;
ZYPADHERA 210 mg prášok a rozpúšťadlo na injekčnú suspenziu s predĺženým uvoľňovaním;Olanzapín;;;
ZYPADHERA 300 mg prášok a rozpúšťadlo na injekčnú suspenziu s predĺženým uvoľňovaním;Olanzapín;;;
ZYPADHERA 405 mg prášok a rozpúšťadlo na injekčnú suspenziu s predĺženým uvoľňovaním;Olanzapín;;;
Zypsilan 40 mg;Ziprazidón;;;
Zypsilan 40 mg;Ziprazidón;;;
Zypsilan 60 mg;Ziprazidón;;;
Zypsilan 60 mg;Ziprazidón;;;
Zypsilan 80 mg;Ziprazidón;;;
Zyrtec;Cetirizín;;;
Zyrtec;Cetirizín;;;
ZYTIGA 500 mg filmom obalené tablety;Abiraterón;;;